词条名,年份,事件类型,cluster_id
Mystic致歉信,2019,游戏电竞,0
高以翔女友爸爸晒高以翔背影照,2019,娱乐八卦,0
李晨范冰冰,2019,娱乐八卦,0
打卡日本,2019,社会民生,0
特朗普又口误,2019,时政要闻,1
EXO延期回归,2019,娱乐八卦,2
李荣浩 想上新歌就那么难吗,2019,娱乐八卦,2
你可能吃了假重庆火锅,2019,社会民生,2
小学生吐槽学习16小时没工资,2019,教育问题,2
孙悦流泪缅怀吉喆,2019,体育赛事,0
李连杰女儿,2019,娱乐八卦,2
歌舞青春男主染病紧急送医,2019,娱乐八卦,2
存在三个女生的友谊吗,2019,娱乐八卦,2
校方回应校服收费2300元,2019,教育问题,2
易烊千玺谈流量标签,2019,娱乐八卦,0
延边大学一次清退136名研究生,2019,教育问题,2
炸猪排钥匙扣,2019,社会民生,2
专家建议不要在1月制定新年计划,2019,社会民生,0
女生眼里的电子产品,2019,科技数码,0
遇到暗恋的人该主动吗,2019,娱乐八卦,0
广东警方查获走私冻肉730吨,2019,社会民生,2
贾乃亮的配音,2019,娱乐八卦,1
当代大学生沈眉庄,2019,教育问题,0
岳云鹏打翻媳妇化妆品,2019,娱乐八卦,2
如何区别占有欲和真爱,2019,娱乐八卦,1
拖欠农民工工资最高可获刑7年,2019,社会民生,2
建立全国统一演出票务监管服务平台,2019,文化内容,1
越南举行死亡货车遇难者葬礼,2019,时政要闻,0
广州将设10亿区块链产业基金,2019,商业财经,2
冬天早起有多难,2019,社会民生,2
抵御南方湿冷吃什么,2019,社会民生,2
黄子韬王彦霖互放黑照,2019,娱乐八卦,0
九成感冒不需要吃抗菌药,2019,医疗健康,2
香港特区政府就禁蒙面法违宪上诉,2019,时政要闻,0
浓眉 哈特,2019,体育赛事,2
吴磊认真,2019,娱乐八卦,2
交通部谈滴滴顺风车重新上线,2019,社会民生,2
印度14亿人仍在用现金,2019,商业财经,0
胡歌最美表演,2019,娱乐八卦,2
哈利波特香水,2019,时尚美妆,2
长大后最大的感触,2019,社会民生,1
高以翔粉丝的信,2019,娱乐八卦,0
今日说法 宇芽,2019,社会民生,0
王一博之歌,2019,娱乐八卦,2
香港超5800人涉威胁公共安全被捕,2019,时政要闻,0
山东高铁,2019,社会民生,0
LOL新英雄厄斐琉斯,2019,游戏电竞,2
甄嬛传cp大赛,2019,影视综艺,0
因为胖都受到哪些委屈,2019,社会民生,0
吃火锅时最low的行为,2019,社会民生,0
pdd加盟吐槽大会,2019,娱乐八卦,2
影楼店员将起诉自杀女子家属,2019,社会民生,0
醒来看到很多消息的快乐,2019,社会民生,0
掉入冰窟窿后如何自救,2019,社会民生,1
绝美肩颈线大赏,2019,时尚美妆,2
贾跃亭个人资产14.1亿美元,2019,商业财经,1
梦回大清改编,2019,文化内容,2
抠门的人能有多抠,2019,社会民生,1
俄罗斯扇耳光大赛冠军被扇晕,2019,社会民生,0
春节快递停发时间表是假的,2019,社会民生,1
华北首只嗅探犬上岗,2019,社会民生,1
消防员为什么用叉子吃饭,2019,社会民生,0
迪丽热巴韩网生图,2019,娱乐八卦,0
杨迪妈妈太可爱了,2019,娱乐八卦,0
新闻联播里最甜的小可爱,2019,社会民生,1
沈义人微博,2019,科技数码,0
演员请就位最终入围名单,2019,影视综艺,0
九寨沟景区对散客开放,2019,社会民生,0
网红书店规定打卡必买一本书,2019,社会民生,2
2020年中印游客可免签入境马来西亚,2019,社会民生,1
辣条按调味面制品管理,2019,社会民生,0
永远不要在俄罗斯叫外卖,2019,社会民生,2
乳腺癌多为无痛肿块,2019,医疗健康,0
异地恋到底有多难熬,2019,娱乐八卦,2
南方人说话有多软糯,2019,社会民生,2
交警李佳琦式宣传交通安全,2019,社会民生,2
杨紫 尖叫女神,2019,娱乐八卦,0
易建联CBA历史得分王,2019,体育赛事,0
为救小猫连呼热线消防,2019,社会民生,2
冷鲜店查出7000余只野生动物死尸,2019,社会民生,2
东京奥运场馆发现致癌物质,2019,体育赛事,2
中国曲协严厉谴责张云雷,2019,文化内容,0
50后网购的样子,2019,社会民生,2
猩妃,2019,娱乐八卦,2
坐公交把手机扔进投币箱,2019,社会民生,2
金宇彬康复后首亮相,2019,娱乐八卦,0
孟美岐短发造型,2019,娱乐八卦,2
日本女性最想拥有的颜,2019,时尚美妆,2
被活埋男婴父亲到村医家致谢,2019,社会民生,2
两千年前动物木乃伊被发现,2019,文化内容,1
罗伯遗体将被带回内地安葬,2019,社会民生,0
龙俊亨ins简介,2019,娱乐八卦,1
中了东北男明星的毒,2019,娱乐八卦,2
直男眼里的护肤,2019,时尚美妆,0
留给大家的颜色不多了,2019,娱乐八卦,2
韩庚卢靖姗官宣结婚,2019,娱乐八卦,2
神武门现巨型御猫,2019,文化内容,2
李沁金鹤奖最佳女配角,2019,影视综艺,2
全国机场将推行餐饮同城同价,2019,社会民生,0
武汉不明原因肺炎不能断定是SARS,2019,医疗健康,2
解说iG是个力气活,2019,游戏电竞,0
宋轶黑色水纹长裙,2019,时尚美妆,2
sm万圣节,2019,娱乐八卦,2
被问最多的口红色号,2019,时尚美妆,0
滴滴调整顺风车试运营规则,2019,商业财经,2
天火,2019,影视综艺,2
2019全国网红打卡地大赏,2019,娱乐八卦,0
大学没谈过恋爱意味着什么,2019,教育问题,2
初恋到底是什么样子的,2019,娱乐八卦,0
北京台春晚代言人,2019,娱乐八卦,2
惹女孩子生气该怎么哄,2019,娱乐八卦,0
哪些食物你从来不吃,2019,社会民生,2
鼻子大的男生有多好看,2019,娱乐八卦,2
森与阳光,2019,其他,1
炎亚纶向被撞倒路人道歉,2019,娱乐八卦,0
消防员李佳琦式解说消防常识,2019,社会民生,0
白敬亭papi酱rap乱炖,2019,娱乐八卦,2
宋茜喊粉丝兄弟,2019,娱乐八卦,2
薅羊毛UP主被B站封号,2019,商业财经,0
真情实感嗑过的CP,2019,娱乐八卦,2
杨幂粉色羽毛礼裙,2019,时尚美妆,2
请回答1988 美食篇,2019,影视综艺,0
日军后代向杨靖宇谢罪,2019,文化内容,0
70万国画快递损毁只赔300,2019,社会民生,2
全明星版野狼DISCO,2019,娱乐八卦,2
冰雪奇缘片尾 宝宝名单,2019,影视综艺,1
重庆妇联介入宇芽被家暴事件,2019,社会民生,2
狗界高考毕业生,2019,社会民生,0
原来史努比是这么来的,2019,文化内容,2
鼠年AirPods壳,2019,科技数码,2
私用救护车接机多人被处分,2019,社会民生,0
明星与厕所的恩怨情仇,2019,娱乐八卦,0
石原里美 东京电影节,2019,娱乐八卦,2
男人有多爱聊天,2019,娱乐八卦,2
地震时幼儿园老师抓起娃就跑,2019,社会民生,2
大鹏给柳岩的信,2019,娱乐八卦,2
不建议女生熬夜的原因,2019,医疗健康,2
从小养狗或降低患精神分裂风险,2019,医疗健康,0
幼师2分钟内殴打4幼童,2019,社会民生,2
朱婷获全球十佳运动员奖,2019,体育赛事,2
找爸妈要生活费要太多了,2019,社会民生,2
鲁班大师上线,2019,游戏电竞,2
手撕渣男最爽的一次,2019,娱乐八卦,0
拍完艺术照9天后自杀,2019,娱乐八卦,1
奇葩说第六季没有陈铭,2019,影视综艺,0
邓伦小猪佩奇同款座驾,2019,娱乐八卦,2
何君尧我们挺你,2019,时政要闻,0
别人家学校的选修课,2019,教育问题,2
广州旺旺涉嫌偷排强碱废水,2019,社会民生,0
小虎队同框,2019,娱乐八卦,0
二维码之父首谈中国使用超日本,2019,科技数码,0
被儿化音逼疯的南方人,2019,社会民生,1
为时髦加分的帽子,2019,时尚美妆,2
你能够接受AA制婚姻吗,2019,社会民生,2
Ning和Theshy握手,2019,游戏电竞,0
中国电视好演员盛典,2019,影视综艺,1
杨超越致歉,2019,娱乐八卦,0
蔡徐坤甩麦架,2019,娱乐八卦,2
自拍多了可能会生病,2019,医疗健康,1
2020年新年贺词,2019,时政要闻,2
世界杯张本智和胜马龙,2019,体育赛事,2
美版咒怨新预告,2019,影视综艺,2
漠河冻梨变铁锤,2019,社会民生,1
高以翔追悼会,2019,娱乐八卦,2
如何走到互删好友这一步的,2019,社会民生,0
这是一位上了发条的女人,2019,娱乐八卦,0
中央发文促进劳动力和人才社会性流动,2019,时政要闻,2
露对了才时髦,2019,时尚美妆,2
周杰伦新歌我是如此相信,2019,娱乐八卦,2
一段话总结你的2019,2019,社会民生,1
韩国总统文在寅母亲去世,2019,时政要闻,2
男孩打错电话拨给柬埔寨首相,2019,时政要闻,2
小北 帽衫,2019,时尚美妆,2
实拍漠河震撼取冰现场,2019,社会民生,2
一滴血测癌明年启动试验,2019,医疗健康,2
5G套餐资费,2019,科技数码,2
侵华日军相册发现南京大屠杀原版照片,2019,时政要闻,2
欧盟同意英国延期脱欧,2019,时政要闻,0
吉林坠江大客车事发监控,2019,社会民生,2
9家电商平台下架电子烟,2019,商业财经,1
被男友演唱会求婚当场晕倒,2019,娱乐八卦,1
女生个子太高是什么体验,2019,社会民生,2
你室友做过哪些沙雕的事,2019,社会民生,2
暧昧久了会怎样,2019,社会民生,2
易烊千玺演唱会主视觉海报,2019,娱乐八卦,2
黄执中 强,2019,影视综艺,2
没胡子的白宇,2019,娱乐八卦,1
那些初中退学的人怎么样了,2019,教育问题,2
喇叭没电的油饼摊,2019,社会民生,2
王珞丹玫瑰金短发,2019,娱乐八卦,0
用130年祖传LV行李箱装鸡饲料,2019,时尚美妆,1
鹤唳华亭加更,2019,影视综艺,1
许魏洲外婆是费玉清粉丝,2019,娱乐八卦,2
性格不合该分手吗,2019,娱乐八卦,2
喜欢上不可能的人会怎样,2019,娱乐八卦,1
法航返航乘客称已写好遗书,2019,其他,2
王一博的包洗了,2019,娱乐八卦,2
浙江诸暨一民警因公牺牲,2019,社会民生,2
明年港澳台居民可在内地参加社保,2019,社会民生,1
是否应降低未成年人刑事责任年龄,2019,社会民生,2
微软手机操作系统停更,2019,科技数码,2
免疫系统太刚了,2019,医疗健康,2
三得利召回170万瓶奶茶,2019,社会民生,1
2020年春节档阵容,2019,影视综艺,2
以色列关闭所有驻外使领馆,2019,时政要闻,0
北言北语,2019,文化内容,0
黑五网购破纪录,2019,商业财经,0
晚安公主,2019,娱乐八卦,0
宿管阿姨纸箱换零食,2019,社会民生,2
搏击女选手遭家暴不忍报警,2019,社会民生,2
徐峥斥责追我吧节目组,2019,娱乐八卦,0
梁朝伟封面,2019,娱乐八卦,2
一场雪激发了多少创造力,2019,文化内容,0
童年的动画片你还记得哪些,2019,文化内容,2
双子座流星雨直播,2019,科技数码,0
在美失联女老师找到了,2019,社会民生,2
武磊头球,2019,体育赛事,2
深圳绝杀新疆,2019,体育赛事,0
美国加州进入紧急状态,2019,时政要闻,2
章泽天杨天真合影,2019,娱乐八卦,2
四川眉山挖出古墓,2019,文化内容,2
若风回应换人,2019,游戏电竞,1
印度将中国领土划入所谓直辖区,2019,时政要闻,0
让你减肥失败的原因,2019,医疗健康,2
颜值高但从未谈过恋爱,2019,娱乐八卦,2
短发女孩怎么穿,2019,时尚美妆,2
年龄大就要接受相亲吗,2019,娱乐八卦,2
如何应对男生的撩,2019,娱乐八卦,2
丛明晨腰椎横突骨折,2019,体育赛事,2
秦俊杰吃纸配音,2019,娱乐八卦,0
情侣适合一起工作吗,2019,娱乐八卦,1
原著融梗电影连坐冤不冤,2019,影视综艺,0
峨眉金顶雪景,2019,文化内容,0
因为一个综艺又相信爱情了,2019,影视综艺,0
港警新一哥在央视发声,2019,时政要闻,1
怎么看待客户骂客服的现象,2019,社会民生,2
陈伟霆悼念高以翔,2019,娱乐八卦,2
误杀小女孩演技,2019,影视综艺,1
婚礼失控现场,2019,娱乐八卦,1
下雪后要做的第一件事,2019,社会民生,2
夜猫子可能是遗传病,2019,医疗健康,0
穿长棉袄怎么上台阶,2019,社会民生,2
中国队8天狂揽200枚奖牌,2019,体育赛事,2
刘宪华街头表演,2019,娱乐八卦,2
2019年爆笑新闻,2019,社会民生,2
政法公务员辞职运毒被判死缓,2019,时政要闻,2
孩子裤子里塞了一条秋裤,2019,社会民生,0
老奶奶深深鞠躬致谢礼让车主,2019,社会民生,1
长春长生宣告破产,2019,商业财经,0
高云翔案受害者首度视讯出庭,2019,娱乐八卦,2
时速600公里磁悬浮真车首亮相,2019,科技数码,0
中国雾凇之都今冬首现雾凇,2019,文化内容,2
英国警马不喝奶茶不开工,2019,社会民生,1
为什么认为自己不适合恋爱,2019,娱乐八卦,0
最想和考研同学说的话,2019,教育问题,2
少年的你结局,2019,影视综艺,0
原来品如才是第三者,2019,娱乐八卦,0
周震南蛙鸡包,2019,娱乐八卦,1
郭艾伦蛇皮走位一条龙,2019,体育赛事,0
法国小镇颁行死亡禁令,2019,其他,1
老人花8年20万造木头跑车,2019,社会民生,2
Duke将离开iG,2019,游戏电竞,0
爸爸为4岁单眼女儿扮艾莎,2019,社会民生,2
易烊千玺和小北的共鸣,2019,娱乐八卦,2
沙滩捡12块石头价值近百万,2019,社会民生,2
游客云南遭天价运尸费达成调解,2019,社会民生,2
易烊千玺人形立牌,2019,娱乐八卦,1
2019年最后一天,2019,社会民生,2
易烊千玺经历了什么,2019,娱乐八卦,2
台州一网约车司机车内死亡,2019,社会民生,2
外交部回应美成立太空部队,2019,时政要闻,0
禁蒙面法暂时有效至本月29日,2019,时政要闻,0
在周杰伦演唱会写作业,2019,娱乐八卦,0
黑粉冒充肖战小号,2019,娱乐八卦,2
IU求握手被男粉拒绝,2019,娱乐八卦,1
直面抑郁症需要多大的勇气,2019,医疗健康,2
天下足球看哭了,2019,体育赛事,0
吐槽大会4定档,2019,影视综艺,0
刘迦舞蹈,2019,娱乐八卦,1
请叫师傅不要司机司机的叫,2019,社会民生,0
2019年的最后一个月,2019,社会民生,2
李沁枫叶色眼妆,2019,时尚美妆,1
撒贝宁私生骚扰张绍刚,2019,娱乐八卦,2
格力电器删除电信业务,2019,商业财经,2
27岁女生成浙大博导,2019,教育问题,0
撒贝宁猜饭圈用语,2019,娱乐八卦,0
仓颉,2019,文化内容,0
聊天时产生的错觉,2019,社会民生,2
过生日要有仪式感,2019,社会民生,2
死亡货车案死者遗体运回越南,2019,社会民生,1
宇宙少女累瘫在舞台,2019,娱乐八卦,2
吴亦凡新歌贰叁,2019,娱乐八卦,1
大学开设死亡体验课程,2019,教育问题,0
郑元畅Ella重聚,2019,娱乐八卦,0
莫雷诺跪走半场谢球迷,2019,体育赛事,1
双向暗恋能有多甜,2019,娱乐八卦,2
漫画卷到底有多美,2019,文化内容,2
学霸情侣3年获近9万奖学金,2019,教育问题,2
年龄大了必须要结婚吗,2019,社会民生,1
香港警务处处长邓炳强今日赴京,2019,时政要闻,0
吴亦凡古装,2019,娱乐八卦,0
英驻香港总领馆雇员嫖娼审讯视频,2019,时政要闻,1
迪丽热巴黄景瑜拥吻路透,2019,娱乐八卦,2
李国庆称未来择偶标准是傻白甜,2019,娱乐八卦,0
圣诞节表情包,2019,文化内容,2
康辉回应朱广权,2019,娱乐八卦,2
拍戏念数字1234,2019,影视综艺,2
四个字期待2020,2019,社会民生,0
特战队员魔鬼周的日常,2019,社会民生,2
84岁女儿回应被107岁妈妈塞糖,2019,社会民生,1
不要小看孩子的模仿能力,2019,社会民生,0
没有运动细胞是种什么体验,2019,社会民生,2
林书豪球鞋印高以翔合影,2019,体育赛事,0
香港阿Sir哭了,2019,时政要闻,2
大连被害女孩曾写信给父母,2019,社会民生,2
郑爽 粉色蛋糕裙,2019,时尚美妆,0
小龙堡 rng,2019,游戏电竞,2
浙江卫视声明,2019,社会民生,0
对方哪个举动会让你死心,2019,社会民生,2
你的发量适合哪个朝代发型,2019,时尚美妆,2
陈情令原画设定集,2019,影视综艺,2
章莹颖案凶手转移监狱,2019,社会民生,2
Cindy沙漠大片,2019,时尚美妆,0
桂林航空高层集体受罚,2019,商业财经,1
文化输出成功的影视剧,2019,影视综艺,2
煮红酒,2019,社会民生,0
华为2020年末位淘汰主管,2019,商业财经,2
艾伦发文,2019,娱乐八卦,2
腾讯年会,2019,商业财经,0
金鸡百花电影节首批展映片单,2019,影视综艺,0
鞋子被学校的狗叼走了,2019,社会民生,1
雪后紫金山,2019,社会民生,1
朱婷28扣21中,2019,体育赛事,0
郑雨盛 最佳男主角,2019,影视综艺,1
掉入地铁轨道被一秒救起,2019,社会民生,2
2020年故宫600岁,2019,文化内容,2
阿中哥把购物车开进了进博会,2019,商业财经,0
丧偶式恋爱要分手吗,2019,娱乐八卦,0
班主任设置了五十个班委,2019,教育问题,2
我的人生之歌,2019,娱乐八卦,0
云南中考改革语数英体并列100分,2019,教育问题,1
和前任发的最后一条消息,2019,娱乐八卦,2
熬夜能可怕到什么程度,2019,社会民生,2
从发工资时间看公司状态,2019,商业财经,2
最用心的女扮男装,2019,娱乐八卦,1
王一博等赵丽颖,2019,娱乐八卦,0
王源被妈妈安排相亲,2019,娱乐八卦,0
杀人回忆原型清晰长相,2019,社会民生,2
佩服冬天露脚踝的人,2019,社会民生,2
微信推出QQ小程序,2019,科技数码,0
迪士尼公主礼服,2019,时尚美妆,1
TFBOYS坐台下等到散场,2019,娱乐八卦,2
陈念与小北之间是爱情吗,2019,娱乐八卦,2
杜鹃走秀勾到吴宣仪裙子,2019,时尚美妆,0
就是瘦不下来是什么体验,2019,社会民生,2
苹果一半员工没大学学历,2019,商业财经,0
Gap子品牌OldNavy将撤离中国市场,2019,商业财经,2
沈阳居民楼大火系因住户插排故障,2019,社会民生,0
男友晒陈乔恩近照,2019,娱乐八卦,0
今年的成年人好像都很爱哭,2019,社会民生,0
男生身高170以下的感受,2019,社会民生,2
为减少袁咏仪购物却碰上李佳琦,2019,商业财经,0
杨幂金丝眼镜,2019,时尚美妆,2
圈内成员揭秘薅羊毛行为,2019,商业财经,1
张若昀回应打过唇钉,2019,娱乐八卦,0
打车收千元司机被吊销资格证,2019,社会民生,2
90后老师的专属教学方式,2019,教育问题,2
驻澳门部队进驻之初珍贵训练画面,2019,时政要闻,2
长毛解说,2019,体育赛事,2
当代青年为了省钱有多拼,2019,社会民生,1
自媒体能作为长期职业吗,2019,社会民生,0
赵今麦暗黑系大片,2019,娱乐八卦,2
男生如何报身高,2019,社会民生,2
云光中被双开,2019,时政要闻,0
冬天最令人恐惧的事情,2019,社会民生,0
mata被换下去,2019,游戏电竞,0
Amber晒fx合唱视频,2019,娱乐八卦,2
闫妮 半露锁骨装,2019,娱乐八卦,2
刘嘉玲 汤臣一品没有房子,2019,娱乐八卦,0
冬天一定要吃的食物,2019,社会民生,0
帽子对男生有多重要,2019,时尚美妆,2
被好朋友告白怎么办,2019,娱乐八卦,2
王嘉尔帮粉丝揉头,2019,娱乐八卦,1
杜江谈霍思燕害怕香蕉的原因,2019,娱乐八卦,0
李娜姜山相处模式,2019,娱乐八卦,1
南风关注iG官博,2019,游戏电竞,2
奔驰女车主母亲被2次限制高消费,2019,商业财经,0
刘惜君 你把头发剪短了,2019,娱乐八卦,2
11800套皇马球服涉侵权,2019,体育赛事,1
大学生情侣教科书式救人,2019,社会民生,2
2017太好了,2019,其他,2
看一集就上头的剧,2019,影视综艺,2
历史上人类最长牙齿,2019,其他,2
黄婷婷ins,2019,娱乐八卦,2
EXO 舞台,2019,娱乐八卦,2
那些90后觉得很潮的事,2019,其他,2
最抢眼的冬季时尚,2019,时尚美妆,1
网易致歉,2019,商业财经,2
科学家种钻石1星期长1克拉,2019,科技数码,0
宋祖儿民族风造型,2019,娱乐八卦,0
14个越南家庭报案家人疑失踪英国,2019,社会民生,0
托福对接中国英语能力等级量表,2019,教育问题,2
19年度明星沙雕翻唱大赏,2019,娱乐八卦,0
于正说的女演员,2019,娱乐八卦,0
2018年中国器官捐献数世界第二,2019,医疗健康,1
蔡徐坤 青你2制作人代表,2019,娱乐八卦,0
该不该帮朋友打掩护,2019,娱乐八卦,0
年轻人想早睡有多难,2019,社会民生,2
为啥北方一过节就吃饺子,2019,文化内容,2
德云社团综,2019,娱乐八卦,2
厦大最美文艺隧道遭涂鸦,2019,文化内容,1
为什么包邮区会下大雪,2019,社会民生,2
李现为杨紫庆生,2019,娱乐八卦,0
李现古装刘海,2019,娱乐八卦,2
高以翔追我吧录制画面,2019,娱乐八卦,2
庆余年角色名,2019,影视综艺,2
周震南复古宫廷风,2019,娱乐八卦,2
牙买加佳丽获封2019世界小姐,2019,时尚美妆,2
怎么试探女朋友生没生气,2019,娱乐八卦,2
黄子韬哭戏,2019,娱乐八卦,2
珍珠奶茶馒头,2019,社会民生,0
没有TFBOYS的节目,2019,娱乐八卦,0
女生眼中的腿精,2019,娱乐八卦,0
岳云鹏给军艺三大校草颜值排序,2019,娱乐八卦,2
张大大 抑郁症,2019,娱乐八卦,0
本专业令你震惊的冷知识,2019,教育问题,0
马思纯肚子,2019,娱乐八卦,2
吴彦祖谈阑尾破裂经历,2019,医疗健康,2
戴着耳机最好不要说话,2019,社会民生,0
李艺彤回应黄婷婷解约,2019,娱乐八卦,0
惹不起的殿下大人太好笑了,2019,娱乐八卦,2
李玟雨无强制猥亵嫌疑,2019,娱乐八卦,2
邓稼先去世前对爱人说的话,2019,文化内容,2
唐嫣 腿,2019,娱乐八卦,1
在考场里见过的奇葩事,2019,教育问题,2
王志文50米短跑冠军,2019,体育赛事,1
05后的恋爱速度,2019,娱乐八卦,2
杨紫牛仔帽,2019,娱乐八卦,2
江一燕获奖别墅未获规划审批,2019,娱乐八卦,2
越南确认全部遇难者是越南人,2019,时政要闻,0
大学的人脉重要不重要,2019,教育问题,2
爸爸为孩子打造星空卧室,2019,社会民生,2
降落时发现海里全是水母,2019,社会民生,2
金骨朵,2019,娱乐八卦,2
武科大教授创艾滋病治疗新法,2019,医疗健康,2
鲍鱼卖出白菜价,2019,商业财经,0
黄晓明卷毛,2019,娱乐八卦,1
GRF全员成为自由人,2019,游戏电竞,0
外交部 美方锁住门囚禁的是自己,2019,时政要闻,2
你本人和照片的区别,2019,娱乐八卦,0
治疗艾滋病白血病新方法,2019,医疗健康,1
爸妈比你还好看是什么体验,2019,娱乐八卦,2
李诚儒感谢李宇春的勇敢,2019,娱乐八卦,0
康辉撒贝宁讨论饭圈女孩,2019,娱乐八卦,2
林峯张馨月合照,2019,娱乐八卦,0
有个妹妹是一种什么体验,2019,娱乐八卦,2
你见过吃相最好看的人,2019,娱乐八卦,2
国风这么穿最时尚,2019,时尚美妆,1
孟美岐古装反串造型,2019,娱乐八卦,2
北京暴雪蓝色预警,2019,社会民生,2
小鬼被选召的孩子,2021,娱乐八卦,0
央视女主持的颜值有多高,2021,娱乐八卦,0
云南新增5例确诊病例,2020,医疗健康,0
与君初相识官宣,2021,影视综艺,0
睡眠就是最好的补药,2022,医疗健康,0
小米向首批用户赠送1999元红包,2021,商业财经,0
长津湖首播收视率第一,2022,影视综艺,2
首座假期延长城市,2020,社会民生,0
话梅刺客,2022,社会民生,0
怎么会有小羊叫的那么难听,2022,社会民生,2
咳痰有多痛苦,2022,医疗健康,0
郑恺苗苗 宁波,2020,娱乐八卦,0
沃尔玛中国又关店了,2021,商业财经,0
2男孩公交车上打闹被司机厉声制止,2022,社会民生,0
特斯拉上海超级工厂数据中心建成,2021,科技数码,0
王嘉尔经历了什么,2021,娱乐八卦,2
邓紫棋工作室生日周边价格,2021,娱乐八卦,0
外公床头抠洞塞钱2年存了3万多,2022,社会民生,0
权志龙声音,2022,娱乐八卦,0
李白新皮肤念了多少诗,2022,游戏电竞,0
新冠病毒测试纸升级版,2020,医疗健康,0
和三浦春马当室友是怎样的体验,2020,娱乐八卦,0
小米浏览器,2022,科技数码,0
赵丽颖新剧身份碧苍王沈璃,2022,影视综艺,2
沪上阿姨致歉,2022,社会民生,0
陈哲远说萧无敌行为不要上升到本人,2022,娱乐八卦,0
湖北省长表示痛心内疚自责,2020,时政要闻,0
吴镇宇的嘴是抹了鹤顶红吗,2022,娱乐八卦,0
小伙在隔离房每天完成万米长跑,2022,社会民生,2
当品种猫回村后,2022,社会民生,0
仙剑奇侠传7,2021,游戏电竞,2
部分iPhone下调以旧换新价格,2020,科技数码,0
上海风力将增强到阵风10级以上,2021,社会民生,0
黑豹2新预告,2022,影视综艺,0
剧版月刊少女,2022,影视综艺,2
微博之夜三巨头,2020,娱乐八卦,0
贺子秋凭本事单身,2020,娱乐八卦,0
特斯拉中国ModelS又涨价3万元,2021,商业财经,0
新相亲大会金鑫,2020,社会民生,0
宋茜 如今她做到了,2021,娱乐八卦,0
避免雪糕刺客只需明码标价,2022,社会民生,2
湖北省委巡视组原副组长黄学军被查,2021,时政要闻,0
东京奥运早中晚安排3遍中国国歌,2021,体育赛事,0
送奶工灭火救一家人被记一等功,2022,社会民生,2
北京冬奥安踏取代阿迪成为服装合作伙伴,2021,体育赛事,0
女子独居农村月入1千称很快乐,2022,社会民生,1
雅诗兰黛宣布将以约28亿美元收购Tom Ford,2022,商业财经,2
于途肖奈都是宜兴人,2021,娱乐八卦,0
金鹰奖宣传片,2020,影视综艺,0
小伙瘫痪981天后第一次站起来,2022,社会民生,0
陈飞宇加入中国国籍,2021,娱乐八卦,0
左麟右李,2022,娱乐八卦,0
女子地铁晕倒乘客大喊我是医生,2021,医疗健康,2
万里归途票房破2亿,2022,影视综艺,2
赵立坚说周五不想浪费时间批蓬佩奥,2021,时政要闻,0
老外一家三口坐高铁全程不戴口罩,2022,社会民生,0
樊振东3比0阿凡纳多尔,2022,体育赛事,0
张译站起来的原因找到了,2022,影视综艺,2
感谢苏小洛,2020,娱乐八卦,0
这狗怎么猪里猪气的,2021,社会民生,0
公交司机为孕妇乘客蹲下系鞋带,2021,社会民生,2
秦霄贤何九华相声在念我身份证吧,2021,娱乐八卦,2
蔚来车主自动驾驶车祸行驶数据公布,2021,科技数码,0
上海6月1日之后购物商场全面恢复线下营业,2022,商业财经,0
7处场所是被偷拍高危区域,2021,社会民生,0
女子为明目生吞鱼胆致急性肝衰竭,2022,医疗健康,0
罗翔百大UP主获奖感言,2022,教育问题,2
乔夕辰简亦繁伞下吻,2021,娱乐八卦,0
陈露谈与霍尊九年恋情,2021,娱乐八卦,0
鞠婧祎演的姜保宁好虎,2021,影视综艺,2
戚薇在电影放映前几分钟被退票,2021,影视综艺,2
许昕直播太好笑了,2021,体育赛事,0
9旬老人取老伴遗照后忘记回家路,2022,社会民生,1
香港迪士尼乐园及海洋公园暂停开放,2020,社会民生,1
3200多万名驾驶人申领了电子驾驶证,2021,社会民生,0
k4 卡,2022,其他,0
Hero放出当天比赛语音,2021,游戏电竞,1
男子疑当街猥亵女子路人挺身制止,2022,社会民生,2
李雪健周冬雨目光,2022,影视综艺,2
创4首秀副本直播,2021,娱乐八卦,0
北京昌平新增一初筛阳性为超市售货员,2022,医疗健康,0
因疫情未偿还住房公积金贷款不作逾期处理,2022,社会民生,1
长得瘦有什么烦恼,2020,其他,0
男子游黄山被堵山上10分钟走1米,2022,社会民生,0
裴秀智活动新闻图,2020,娱乐八卦,0
丁凯乐,2020,娱乐八卦,0
受伤猫头鹰被救助后经常装死,2022,社会民生,1
酒里下药有多容易,2020,社会民生,2
关晓彤鼠啃刘海,2020,娱乐八卦,0
陆绎八岁了,2020,娱乐八卦,0
张艺兴第一,2020,娱乐八卦,0
女子躺地堵路要求外卖员道歉,2022,社会民生,0
普京任命梅德韦杰夫新职务,2020,时政要闻,1
花少北好帅,2022,娱乐八卦,0
郎朗熊瞎子跳无价之姐,2020,娱乐八卦,0
玛莎拉蒂案受害人妻子披露庭审细节,2020,社会民生,0
朱秉谦逝世,2021,文化内容,0
中国61趟货运航班为印度运送医疗用品,2021,时政要闻,2
高见鸿好贱,2022,娱乐八卦,0
女子告发辅警猥亵被关精神病院,2022,社会民生,0
江苏一饭店广告被指歧视女性,2022,社会民生,2
徐妈称大S汪小菲已和好,2021,娱乐八卦,0
女子落水高校男生害怕仍勇敢下水,2022,社会民生,2
中方召回驻立陶宛大使,2021,时政要闻,0
郑州720特大暴雨灾害调查报告,2022,社会民生,2
90后东北小伙千里赴江西支援抗洪,2020,社会民生,0
贾玲 让你妈给你跳行不,2021,娱乐八卦,0
鞠婧祎霸气怼人好解气,2021,娱乐八卦,2
端午节中国首个入选非遗的节日,2022,文化内容,0
李汶翰首部主演电影开机,2021,影视综艺,2
杨洋 于途能有什么坏心思呢,2021,娱乐八卦,0
成都大学党委书记毛洪涛的遗体已被找到,2020,社会民生,2
命韵峋环两个疯子天生一对,2022,娱乐八卦,1
得州一度电约65元,2021,商业财经,1
毕业即月入过万的本科生不到一成,2022,教育问题,2
东京奥运会总支出超200亿美元,2021,体育赛事,0
金秀贤新剧获行政处罚,2020,影视综艺,0
江西一药店连花清瘟涨12元被顶格处罚,2022,医疗健康,0
朱丹念热巴娜扎绕口令,2020,娱乐八卦,0
学霸情侣相恋四年双双保研上海交大,2022,教育问题,2
AI考高数仅得81分,2022,科技数码,0
南京对黄码人员劝返居家隔离,2021,医疗健康,0
北京朝阳新增1例社会面筛查感染者,2022,医疗健康,0
赵丽颖最新实绩图,2022,娱乐八卦,2
白敬亭肖鹤云,2022,娱乐八卦,2
浪1 yyds,2022,娱乐八卦,0
华为回应瑞典禁止其参与5G建设,2020,商业财经,0
儿童感染奥密克戎应注意这几点,2022,医疗健康,1
深圳一学区房降价600万出售,2021,社会民生,0
秦皇岛获救三女子追悼会跪谢,2021,社会民生,0
南方加绒人,2020,其他,1
猫咪喜欢睡在你身上的原因,2021,社会民生,0
人民日报评开车进故宫,2020,社会民生,0
Lisa组秘境刀群舞,2021,娱乐八卦,2
唐九洲 偶像门槛低是件好事,2021,娱乐八卦,0
2022全国高考报名人数1193万,2022,教育问题,0
未牵绳小狗挑衅大狗被撕咬成重伤,2022,社会民生,1
原告当庭撕毁判决书被拘5日,2022,社会民生,0
情侣扎堆预约20200202结婚登记,2020,社会民生,0
王一博看布布跳舞失去表情管理,2020,娱乐八卦,0
染新冠女子为回国篡改核酸报告获刑1年,2021,医疗健康,0
北京冬奥火炬传递再现中国式浪漫,2022,体育赛事,0
中国女排 敲锣打鼓,2022,体育赛事,2
谈一场异地恋到底有多难熬,2022,娱乐八卦,1
江苏已发布50个台风预警,2021,社会民生,2
爱奇艺会员数下降,2021,商业财经,0
方博 林高远,2022,体育赛事,0
于月仙车停位置距血迹处约200米,2021,社会民生,2
李冰冰 美岐我在下面拍你,2020,娱乐八卦,2
王一博 扒别人的来跳很不respect,2020,娱乐八卦,0
只有近视的人才懂的痛,2020,其他,2
带鱼为什么养不活,2022,其他,0
乳山进口冷链食品外包装样本阳性,2020,医疗健康,1
6岁男童滑滑板闯红灯酿车祸负全责,2021,社会民生,2
日航波音787驾驶舱玻璃开裂,2020,科技数码,0
中纪委发文评张哲瀚事件,2021,时政要闻,0
字节跳动退出李子柒签约公司微念,2021,商业财经,0
青瓦台,2020,时政要闻,0
王一博选编织袋,2020,娱乐八卦,0
郑乃馨单杠比赛好像挂机,2021,体育赛事,0
中国公民在曼谷机场遭搜身情况通报,2020,时政要闻,0
赵今麦越来越好看,2020,娱乐八卦,0
网传阿凡达2内地12月15日上映,2022,影视综艺,2
小车礼让婚车把自己倒进沟里,2022,社会民生,2
张朝阳呼吁不要囤退烧药,2022,医疗健康,0
上海最新四大姓,2021,其他,0
中国女排维权,2020,体育赛事,0
青你3总决赛分组,2021,娱乐八卦,0
中餐厅收官,2020,影视综艺,1
陈奕迅说也许他们红但我地位高,2020,娱乐八卦,0
海清13年后总算把房给买了,2022,娱乐八卦,0
你能接受宠物安乐死吗,2021,其他,0
马龙说2019年接受手术是冒险但值得,2021,体育赛事,0
N95口罩佩戴时间不要太长,2022,医疗健康,0
把我养胖又带我减肥的男朋友,2022,其他,0
高卿尘新剧古装造型路透,2022,影视综艺,0
玲花说林志炫是富二代,2021,娱乐八卦,0
上海发布首套沪语防护海报,2021,文化内容,0
人类幼崽吃饭能有多优雅,2021,其他,2
父亲教育孩子后大发雷霆突发心梗,2021,医疗健康,0
上海行李箱藏尸案嫌犯被批准逮捕,2021,社会民生,2
lel,2022,其他,2
雷军删掉所有炒股软件,2021,商业财经,0
用糯米饭做爆米花,2022,其他,2
刚点了没什么事发生,2021,其他,0
冯硕 厉害,2020,其他,0
复旦回应疑似教授虐杀网红猫,2022,教育问题,1
成都30层高楼栽种20种树木,2020,其他,0
第二季大国外交最前线,2020,时政要闻,0
吉吉国王脸盲不是演的,2022,娱乐八卦,1
新仙剑赵灵儿路透,2022,影视综艺,0
被姥姥包的结婚红包破防了,2021,其他,0
搓麻将成曼哈顿热门社交活动,2022,其他,1
让福建人试着说一句防护服,2020,其他,0
雪莉哥哥ins,2020,娱乐八卦,0
李峋朱韵重逢,2022,娱乐八卦,2
男子骑车闯红灯被撞旋转360度落地,2021,社会民生,2
独守动物园32年大爷回应网友关注,2021,其他,2
男子倒车失误母亲神反应救下孩子,2021,社会民生,1
肖战 不骄不躁戒熬夜,2020,娱乐八卦,0
华南海鲜市场存在大量新冠病毒,2020,医疗健康,0
费德勒 澳网,2020,体育赛事,0
郭艾伦把球衣脱了套在高诗岩身上,2020,体育赛事,1
4省份上调最低工资标准,2021,社会民生,0
大年初一预售票房破亿,2020,影视综艺,0
富坚义博开通推特,2022,其他,0
挑衅白虎的游客将承担哪些责任,2021,社会民生,2
龚俊高秋梓直播,2021,娱乐八卦,0
李尖尖凌霄接吻,2020,影视综艺,0
流金岁月大结局,2021,影视综艺,0
专家攻克无核荔枝种植难题,2022,科技数码,0
把活动办成了酒席的样子,2021,社会民生,0
杭州萧山国际机场25日航班全部取消,2021,社会民生,2
药店10倍价格卖口罩被查处,2020,医疗健康,0
杭州大剧院,2021,文化内容,0
R1SE土味蹦迪,2020,娱乐八卦,1
校长回应女教师未收到鲜花冲学生发飙,2020,教育问题,0
29岁辅警被撞因公殉职,2021,社会民生,0
老师有多想让学生过好年,2020,教育问题,0
梁爽当地推小妹还债,2020,娱乐八卦,0
我在他乡挺好的结局,2021,影视综艺,0
有谁在乎过唐仁,2021,影视综艺,2
江枫下线,2020,影视综艺,0
陈伟霆发长文告别一起露营吧,2022,娱乐八卦,2
创家人创家魂创家人人有精神,2021,其他,0
良辰好景知几何 虐,2022,影视综艺,0
老baby的七夕太上头了,2021,娱乐八卦,0
达芙妮宣布彻底退出实体零售,2020,商业财经,2
支付宝等平台不许再卖互联网存款产品,2021,商业财经,0
老天爷赏饭吃的小孩,2021,娱乐八卦,1
加厚一倍芝士有多快乐,2022,社会民生,1
原来花滑选手不穿冰鞋也能原地转圈,2021,体育赛事,2
奥运名将新冠阳性后坐飞机逃走,2020,体育赛事,0
这就是学校小吃的排面吧,2022,教育问题,2
肖战冻得搓手,2021,娱乐八卦,2
导演们的分镜手稿有多牛,2021,影视综艺,0
女孩是家里唯一阴性被反向隔离,2022,医疗健康,0
山东下个月或出现首波感染高峰,2022,医疗健康,0
真的不是我泪点低,2022,其他,2
李易峰侧颜生图,2020,娱乐八卦,0
距离追星成功只差一个吴京,2021,娱乐八卦,0
2022春节放7天假,2021,社会民生,2
热心游客钟汉良,2021,娱乐八卦,1
刘畊宏教卡塔尔小王子跳本草纲目,2022,体育赛事,0
外卖小哥救下电梯被卡悬空小狗,2021,社会民生,0
王亚平扎起丸子头,2021,其他,1
大狗咬碎苹果喂给隔辈狗宝宝,2022,社会民生,0
快乐大本营取消播出,2020,影视综艺,0
京沪两地法学生起诉苹果不送充电器,2021,商业财经,0
一国两制就这么走过来的,2022,时政要闻,2
大使馆回应中国情侣柬埔寨遇害,2021,时政要闻,0
海师大一副教授被指与女学生发生关系,2022,教育问题,0
许佳琪海报撞脸沈梦辰,2021,娱乐八卦,2
海师通报副教授与多名女生发生关系,2022,教育问题,0
韩国建军节宣传片出现中国装甲车,2022,时政要闻,0
李梦有机会将冲击WNBA,2022,体育赛事,2
沈腾雷佳音像极了过年回家的我,2020,娱乐八卦,0
第3针疫苗后是否需继续接种仍在探讨,2021,医疗健康,2
南京上空云海翻涌,2021,社会民生,0
男子高烧近40度睡觉掀被子直冒烟,2022,医疗健康,2
这长得也太迪士尼了,2022,娱乐八卦,0
乘风破浪赵梦摇滚仿妆,2022,娱乐八卦,2
四川人做了个55斤粽子王,2022,社会民生,0
顾佳打人,2020,娱乐八卦,0
王一博仿佛开了个假螃蟹,2021,娱乐八卦,1
商家回应买N95口罩超1月不发货,2022,商业财经,0
檀健次新剧公司面临破产,2022,商业财经,2
阳了仍得指导天选做饭人,2022,社会民生,0
投资586万元账户归零,2021,商业财经,0
水晶宫vs切尔西,2022,体育赛事,0
队长温柔一踹换岗消防员陪女友,2021,社会民生,0
特朗普称不会发布全国性口罩强制令,2020,时政要闻,0
福原爱说这是第一次认真观看奥运,2021,体育赛事,0
谢谢王涛 我是邱瑞,2022,娱乐八卦,0
林墨说自己脑子一热就冲过去了,2021,娱乐八卦,2
顾爸爸命令顾一野重回部队,2022,娱乐八卦,2
央视网评拉闸限电背后的大棋论,2021,时政要闻,1
郑州就120延误救治事件成立调查组,2022,医疗健康,1
驻阿富汗大使馆提醒中国公民加强安全防护,2021,时政要闻,0
白桃乌龙青森冰沙,2020,时尚美妆,0
哑舍结局,2022,文化内容,2
中国女篮28年前绝杀澳大利亚队珍贵画面,2022,体育赛事,0
天津返大连感染学生称遭到网暴,2022,社会民生,0
甘望星的弹跳力好强,2021,体育赛事,2
寒假在家如何让父母满意,2020,教育问题,0
光明牛奶,2022,商业财经,0
宋亚轩鸡腿头套自拍,2021,娱乐八卦,0
重庆景区让肥猪蹦极,2020,社会民生,0
王冰冰获百大UP主最佳新人奖,2022,娱乐八卦,0
奶茶味香水也太上头了,2022,时尚美妆,2
19岁四川小伙骑行2300公里上大学,2020,社会民生,0
假如美羊羊是韩国羊,2022,其他,2
虞书欣加上了Lisa微信,2021,娱乐八卦,0
90岁姥姥做完美甲后悉心保护,2020,社会民生,0
Angelababy问自己和杨幂谁好看,2022,娱乐八卦,0
女子相亲吃火锅花千元被要求AA,2022,社会民生,0
蒲熠星单手攀岩,2022,娱乐八卦,0
举重运动员有多难,2021,体育赛事,1
北体祝贺孙一文夺冠,2021,体育赛事,2
突然忘记了原唱,2022,娱乐八卦,0
康辉撒贝宁尼格买提跳街舞,2020,娱乐八卦,0
武汉沦陷日,2021,时政要闻,2
警方通报男子欲在成都IFS跳楼,2021,社会民生,0
金鹰晚会打光,2020,影视综艺,0
会被一些医学知识震惊到,2022,医疗健康,0
腾蛇怼昊辰好爽,2020,娱乐八卦,0
俄外长称现在目标是发展与中国关系,2022,时政要闻,0
中国女篮主帅当选2022世界杯最佳教练,2022,体育赛事,0
乘警觉察2妇女可疑救下被拐男婴,2022,社会民生,0
报老年旅行团是什么体验,2022,社会民生,0
汤姆斯杯国羽获亚军,2021,体育赛事,0
火山年糕部队锅,2021,社会民生,2
被猫咪的背影萌到了,2021,社会民生,0
北京全市均调整为常态防控状态,2022,时政要闻,2
民警宾馆查房门缝塞来小卡片,2020,社会民生,0
韦神宣布退役,2022,体育赛事,0
张踩铃分享全家新冠心得,2022,医疗健康,0
小狗被困栅栏卡成S型消防暖心救援,2022,社会民生,1
志愿者斥责受助村民原来是妈妈,2021,社会民生,0
阿娇好美,2020,娱乐八卦,0
唐诡后遗症,2022,娱乐八卦,0
本草大药房,2020,医疗健康,0
波音确认前CEO无法获得任何离职补偿,2020,商业财经,0
1条核酸检测结果找回失联5年儿子,2022,社会民生,2
回家过年迷惑行为大赏,2022,社会民生,2
夫妻的家就是婆婆的家吗,2021,社会民生,0
张哲瀚粉丝后援会清空微博,2021,娱乐八卦,0
他的照片不用再打马赛克,2022,娱乐八卦,2
钟汉良为今生有你减重18斤,2022,娱乐八卦,0
男子如厕太用力引发脑溢血,2021,医疗健康,0
外交部再回应防弹少年团言论问题,2020,时政要闻,2
混双王炸,2022,体育赛事,0
在KTV隔离是什么体验,2022,社会民生,2
英国威胁停止向香港派遣法官,2020,时政要闻,1
Angelababy说小海绵不想上网课,2022,教育问题,2
顾村,2022,其他,0
夺冠是梅西成为球王的最关键一步,2022,体育赛事,0
翟潇闻演技细节,2021,娱乐八卦,2
孙俪以你为镜,2022,娱乐八卦,0
重病卧床父亲让儿子外出锻炼多穿点,2021,社会民生,0
虞书欣张彬彬小森林夫妻新副本,2022,娱乐八卦,2
一次吃8根熟香蕉才能缓解便秘,2022,医疗健康,0
吴静钰说不会再坚持了,2021,体育赛事,0
中国扶贫地图,2020,社会民生,1
情侣分手前都有什么征兆,2022,娱乐八卦,0
赵睿16分,2020,体育赛事,0
刘雨昕在街舞当起了月老,2022,娱乐八卦,0
妈妈目送盲童上学发现辅警每天护送,2022,社会民生,0
职工医保个人账户拟可用于家人,2020,医疗健康,0
托尼在玲娜贝儿脸上画爱心,2021,娱乐八卦,0
新研究称生育永久改变女性骨骼,2022,医疗健康,0
济南常态化核酸检测改为两天一检,2022,医疗健康,0
东北洗浴中心,2020,社会民生,0
1岁女孩高烧39度警车5分钟送医,2022,医疗健康,0
女生过年三件套,2020,时尚美妆,2
私生在爱豆家门口装监控,2020,娱乐八卦,0
90后小伙和80岁大爷画年俗涂鸦,2020,文化内容,0
被新疆美食馋到了,2022,社会民生,0
菅义伟宣称日本不会再发动战争,2021,时政要闻,1
月亮耳骨钉,2020,时尚美妆,0
微信新增删除声音锁功能,2022,科技数码,2
适当延长春节假期,2020,社会民生,0
决定以后10点就睡,2021,其他,0
上海一男子买不到菜在家水培白菜,2022,社会民生,1
张若昀求婚时对唐艺昕说我非你莫属,2021,娱乐八卦,1
男子手机放床边突然起火后背烧伤,2022,社会民生,0
白敬亭跳wadada,2022,娱乐八卦,2
广东冷空气5日到货,2022,社会民生,0
暮白首大结局,2020,影视综艺,0
内娱百万打歌舞台,2022,娱乐八卦,2
吴月红孙世杰婚姻危机,2021,娱乐八卦,0
徐梦桃王心迪结婚照,2022,娱乐八卦,1
尾款人表情包,2020,其他,2
伯远演唱黄种人,2022,娱乐八卦,0
蘸吗,2022,其他,0
西宁地陷失联者或掉入防空洞,2020,社会民生,0
疫情下的大学生活什么样,2022,医疗健康,0
冯薪朵 陆思恒,2020,娱乐八卦,0
徐峥模仿卡姆,2020,娱乐八卦,0
钟汉良舞蹈实力,2020,娱乐八卦,0
一定要在0时0分0秒升国旗奏国歌,2022,时政要闻,0
北溪管道爆炸威力相当于数百公斤炸药,2022,时政要闻,0
兰州志愿者下班后穿防护服跳街舞,2021,社会民生,0
奥运会美国,2021,体育赛事,0
有城市空置房12年都卖不完,2022,社会民生,0
东北地区有穿搭博主了,2022,时尚美妆,0
新疆本轮疫情与一起聚集性活动关联,2020,医疗健康,0
迪丽热巴的金鹰造型,2020,时尚美妆,0
狗狗腿瘸主人花400元确认是装的,2022,社会民生,0
C罗在皇马基地训练,2022,体育赛事,0
如何进入一段健康的恋爱,2022,娱乐八卦,0
广州超3万感染者无一重型危重型患者,2022,医疗健康,0
女团都在剪的胎毛刘海,2021,时尚美妆,2
焦茶去世,2021,其他,0
刘诗诗说蒋南孙终于不南了,2021,娱乐八卦,2
10家非法社会组织,2021,社会民生,0
女子给确诊闺蜜做饭9天未感染,2022,医疗健康,2
年轻人为什么反感专家建议,2022,社会民生,0
孟鹤堂周九良晋级,2020,娱乐八卦,0
丁程鑫GQ盛典出发路透,2022,娱乐八卦,0
大张伟真实,2020,娱乐八卦,0
她让全世界知道了南京大屠杀,2021,文化内容,2
你是我的荣耀吻戏花絮,2021,影视综艺,0
李宇春穿15年前比赛衣服现身机场,2020,时尚美妆,0
田曦薇晒live图庆热度破万,2022,娱乐八卦,2
郑州市委书记徐立毅被问责,2022,时政要闻,0
河北一密接者曾到北京宣武医院就诊,2021,医疗健康,2
睡眠不足5小时更容易引发癌症,2022,医疗健康,1
王嘉尔后空翻,2020,娱乐八卦,0
李雪琴老板,2020,商业财经,0
医生吃火锅用牙签剔除脑花血管,2022,医疗健康,1
洗发水按两下和三下的区别,2021,时尚美妆,1
第一视角的极速光轮有多爽,2020,社会民生,0
遵义医护用橘子当蛋糕为同事庆生,2021,社会民生,0
男子冒充被救女孩哥哥直播,2021,社会民生,0
公司让业绩不达标男员工穿丝袜跳舞,2020,社会民生,0
韩国麦当劳汉堡没生菜,2021,社会民生,0
没有杨幂拆不了的台,2022,娱乐八卦,2
张云雷 手术很顺利,2020,娱乐八卦,0
人口普查不收取任何费用,2020,时政要闻,2
阿里女员工,2021,商业财经,0
恒大考虑出售恒大汽车,2021,商业财经,0
FBI已成功解锁iPhone,2020,科技数码,0
WBG TT,2022,游戏电竞,0
哈利波特全集上海电影节展映,2020,影视综艺,0
十九届中央纪委六次全会公报要点速览,2022,时政要闻,1
世界赛LCK包围LPL,2021,游戏电竞,0
傅容扑倒肃王,2020,娱乐八卦,0
俄称修复北溪管道的可能性是存在的,2022,时政要闻,0
运输新冠疫苗车辆免收公路通行费,2021,医疗健康,0
易烊千玺拍的瑰丽山海,2022,娱乐八卦,0
湖南局地有大暴雨,2022,社会民生,1
蔡徐坤 我笑了我装的,2021,娱乐八卦,2
儿子带86岁母亲上街卖菜被羡慕,2021,社会民生,2
你真的想努力减脂吗,2022,医疗健康,0
78岁拾荒老人捡俩手机徒步5小时交给警察,2022,社会民生,1
Lisa找Ten教她跳秘境,2021,娱乐八卦,0
马嘉祺英文歌弹唱视频,2022,娱乐八卦,0
埋废墟获救女婴父亲发声,2021,社会民生,2
上百名移民露宿贝索斯豪宅外,2020,社会民生,0
程璐 等下次复婚的时候再办吧,2020,娱乐八卦,0
Lisa不做手术是为了赚钱支持艾威,2022,娱乐八卦,0
孙一文击剑大片,2021,体育赛事,0
有个嘴硬的妈妈是种什么体验,2022,社会民生,2
可以永远相信大张伟的烂梗,2021,娱乐八卦,1
喵糖崩了,2021,社会民生,0
换车忘记告诉狗了,2020,社会民生,0
民警上班途中救下跳桥男子,2021,社会民生,2
嘉南传太上头了,2021,影视综艺,2
陈奕迅新歌是李荣浩编的曲,2022,娱乐八卦,2
卫健委回应河大大三女生脑出血去世,2022,医疗健康,0
手指遇冷变紫是怎么回事,2021,医疗健康,2
快递布洛芬竟然变衣服,2022,医疗健康,0
汽油柴油价格五连涨,2021,商业财经,0
王源emoji文案是什么意思,2021,娱乐八卦,0
剪了短发真的可以了无牵挂,2021,时尚美妆,0
TT WBG,2022,游戏电竞,0
全村人都姓操,2021,社会民生,0
赵今麦演出了李诗情的绝望,2022,影视综艺,2
青岛全员核酸检测无新增阳性,2020,医疗健康,1
只有许魏洲选了车保罗,2022,娱乐八卦,1
广西全州下架存低俗化内容儿童读物,2022,教育问题,0
4人26天捕鸟8万余只,2020,社会民生,1
大爷将乌龟当枕头躺江边熟睡,2022,社会民生,0
孔刘称呼汤唯汤汤,2022,娱乐八卦,0
敏言被逐出师门,2020,娱乐八卦,0
罗晋主持金鹰有点可爱,2020,娱乐八卦,0
国庆晚会,2022,文化内容,0
离异女子周旋3男之间骗财60多万,2021,社会民生,0
索尼中国因违反广告法被罚100万,2021,商业财经,0
傅首尔 不要代表这个时代淘汰父母,2020,社会民生,0
两名带货主播涉嫌偷逃税被立案检查,2021,商业财经,0
朴树说龙丹妮是冤家,2020,娱乐八卦,0
自带饭勺的小鸟全球仅剩600多只,2022,社会民生,2
成龙杨洋偷吃蛋糕,2020,娱乐八卦,0
以岭药业急招短期工逾千人,2022,商业财经,0
杨舒予 集训,2022,体育赛事,0
新包装iPhone11也不送耳机充电器,2020,科技数码,0
矣进宏50分,2020,体育赛事,0
医生解读如何科学减肥,2021,医疗健康,0
机票燃油附加费创历史新高,2022,商业财经,0
涉仝卓事件临汾市教育局总督学被逮捕,2020,时政要闻,0
贵的雪糕更好吃吗,2022,社会民生,0
浙江健康码可查看行程卡,2021,医疗健康,2
玉骨遥暂定七月播出,2022,影视综艺,0
妈妈倒吊进10米枯井拼死救娃,2022,社会民生,0
千万别穿肉色衣服蹲操场,2021,时尚美妆,1
和兔年最配的吉祥话,2023,文化内容,2
王俊凯易烊千玺牵手错位图,2023,娱乐八卦,2
长相思与狐妖小红娘将同期播出,2023,影视综艺,0
今晚可见金星伴月,2023,其他,2
主播是吃年轻饭的职业吗,2023,娱乐八卦,2
两颗球的泰坦尼克号,2023,娱乐八卦,2
中方回应美方寻求重新安排布林肯访华,2023,时政要闻,1
虞书欣卢昱晓无锋姐妹局,2023,娱乐八卦,2
流浪地球2片长173分钟,2023,影视综艺,2
这猫咪好能装,2023,社会民生,2
数年后俄亥俄州或现大批癌症患者,2023,医疗健康,2
鞠婧祎米卡时隔两年再合作,2023,娱乐八卦,2
陕西发现3千多年前大型聚落遗址,2023,文化内容,0
丈夫去世后她带公婆改嫁照顾19年,2023,社会民生,2
男朋友说闻到我要来大姨妈了,2023,娱乐八卦,1
五一档三部电影票房破亿了,2023,影视综艺,2
丫丫或将提前回国,2023,社会民生,2
吴昕花瓶腰,2023,娱乐八卦,2
有才的人甚至连笔都不用,2023,其他,0
普京称现阶段最重要的是制止流血事件,2023,时政要闻,1
中国足协杯奖杯被掰断,2023,体育赛事,0
开端里有疯驴子,2023,影视综艺,2
前男友跳楼女子被判补偿2万,2023,娱乐八卦,2
知情人士称1岁半遇难男童尸检已完成,2023,社会民生,2
王一博光明之路民国造型路透,2023,娱乐八卦,2
接吻是谁想出来的,2023,娱乐八卦,2
本溪花28亿外包环卫却除不干净雪,2023,社会民生,2
抗战时走散的小女孩86年后回家了,2023,文化内容,2
蔡徐坤说要给妈妈买大衣,2023,娱乐八卦,0
美俄亥俄州大量动物突然死亡,2023,医疗健康,2
梁静茹说看去有风的地方哭得一塌糊涂,2023,娱乐八卦,2
Angelababy去看了BLACKPINK演唱会,2023,娱乐八卦,2
甘孜文旅局长回应博主退订酒店被骂,2023,社会民生,2
朱一龙晒印尼随拍,2023,娱乐八卦,0
关晓彤生日被整蛊,2023,娱乐八卦,2
爸爸先后三次取头皮救重伤儿子,2023,社会民生,0
小伙年会喜提365天带薪休假,2023,社会民生,2
给王鹤棣找个配音吧,2023,娱乐八卦,0
中国用2500度高温焊接出地下巨无霸,2023,科技数码,1
才被硅谷银行录取就失业了,2023,商业财经,1
许红豆谢之遥结婚证件照,2023,娱乐八卦,2
幼师看了汗流浃背的表演,2023,教育问题,2
好歹毒的教资作文,2023,教育问题,2
广东千万净资产家庭近40万户,2023,商业财经,2
李秀满只负责SMTOWN海外制作,2023,娱乐八卦,2
成都蓝花楹太美了,2023,社会民生,0
梁朝伟周迅无名拥抱花絮,2023,娱乐八卦,2
姐弟坠亡案父亲连写三封信求原谅,2023,社会民生,0
天舟六号已运往文昌航天发射场,2023,科技数码,0
俞灏明被说丑悲伤离场,2023,娱乐八卦,2
农行回应对雄安购房者推出连心贷,2023,商业财经,2
谁不怀念那时候的年味,2023,文化内容,2
李佳琦吹羽毛二创视频,2023,娱乐八卦,0
各国抢中国游客纷纷放大招,2023,社会民生,2
刘耀文染新发色,2023,娱乐八卦,2
蜜雪冰城被曝喝出蜘蛛,2023,社会民生,2
五月天吧,2023,娱乐八卦,2
泰国偶遇宋茜,2023,娱乐八卦,0
朴宝英更新与朴炯植合照,2023,娱乐八卦,0
大熊猫香香回家现场画面,2023,社会民生,1
巩固消费回暖好势头,2023,商业财经,1
其实结婚是自己的选择题,2023,娱乐八卦,0
情人节偶遇黄子韬徐艺洋,2023,娱乐八卦,0
aespa与蟑螂的合作舞台,2023,娱乐八卦,2
张颂文 我的演唱会你不来吗,2023,娱乐八卦,2
失业女生摆摊一天卖5块崩溃痛哭,2023,社会民生,2
黑龙江已发布暴雪红色预警,2023,社会民生,2
小伙10年来把外国龙虾养成临潼龙虾,2023,社会民生,2
张杰谢娜跳单案中介公司注销,2023,商业财经,2
上班摸鱼会影响工作吗,2023,社会民生,1
拉塞尔不愧为水拉,2023,体育赛事,2
李兰迪两部在播剧,2023,影视综艺,2
村集体不给出嫁女福利被判补发,2023,社会民生,1
男生把毕业后第一份工资交给奶奶,2023,社会民生,1
刘宇宁客串小医仙慕仙鹤,2023,娱乐八卦,2
一念关山节奏,2023,娱乐八卦,0
喝咖啡上瘾对身体有害吗,2023,医疗健康,0
中国6岁女孩打破魔方世界纪录,2023,社会民生,2
新加坡给穷人发钱让富人增税应对涨价,2023,商业财经,2
狂飙麻子变成景点了,2023,社会民生,2
U20国足加油,2023,体育赛事,0
章昊以为自己是第二名,2023,体育赛事,2
妈妈用了30年的洗澡盆,2023,社会民生,1
游客饮料不慎掉落被大熊猫捡来喝,2023,社会民生,0
高颜值餐具,2023,时尚美妆,2
结个婚被笑话三年,2023,娱乐八卦,1
王嘉尔说自己和王嘉尔长得特别像,2023,娱乐八卦,0
广州168元早茶自助,2023,社会民生,2
缩短教育时间能提高生育率吗,2023,教育问题,0
小贝饿了带货因虚假宣传被罚46万,2023,商业财经,1
我的工位是不是有脏东西,2023,社会民生,2
陈晓说毛晓彤智商120,2023,娱乐八卦,1
27岁女子因未婚未育应聘被拒,2023,社会民生,2
艾丽娅 没提名,2023,娱乐八卦,2
网传男孩将男童带顶楼踹出电梯,2023,社会民生,2
LOL英雄价格更新,2023,游戏电竞,2
十年朋克无人问 一朝舞女天下知,2023,娱乐八卦,2
李佳 牛,2023,娱乐八卦,2
曾毅说TFBOYS是凤凰传奇的晚辈,2023,娱乐八卦,0
王源欧阳娜娜MV相似度,2023,娱乐八卦,2
刘浩存的古装扮相,2023,娱乐八卦,2
陆虎 扬州,2023,其他,0
Cat 转会,2023,游戏电竞,2
银行回应三个窗口只开一个惹市民不满,2023,社会民生,0
这辈子他都不敢插队了,2023,社会民生,2
贾玲王牌8请假条,2023,娱乐八卦,0
警方回应男子在自家鱼塘电鱼被处罚,2023,社会民生,0
欧阳靖没人选,2023,娱乐八卦,0
医院院长自曝受贿买8车7房,2023,医疗健康,2
长空之王称王一博代言的眼镜侵权,2023,娱乐八卦,2
你们公司是不招双眼皮吗,2023,社会民生,2
gala哭了,2023,娱乐八卦,0
TFBOYS合体路透,2023,娱乐八卦,2
孙红雷用张杰的方法哄谢娜,2023,娱乐八卦,2
64岁男子为到工地干活办假证减龄,2023,社会民生,2
中国队男子5000米接力冠军,2023,体育赛事,2
Angelababy脸颊比心,2023,娱乐八卦,2
新娘结婚当天蝴蝶停在手腕不走,2023,娱乐八卦,0
刘三木 原神配音,2023,游戏电竞,2
周杰伦五月天周华健等年内有演唱会计划,2023,娱乐八卦,0
河北保定警方悬赏2万元通缉嫌犯,2023,社会民生,2
小狗独闯地铁站被工作人员带出,2023,社会民生,2
D社曝警方传讯李善均和权志龙的原因,2023,娱乐八卦,0
男子向前女友索还15万恋爱支出被驳回,2023,社会民生,2
浙江一中学校长办公室变肠胃外科,2023,教育问题,2
张若昀爷爷是地理测绘专家,2023,其他,2
女子欲轻生被遛狗大哥死死拽住,2023,社会民生,2
魏晨大侦探8绿色外套造型,2023,娱乐八卦,2
台媒报道吴磊周雨彤吻戏,2023,娱乐八卦,0
张远徐良马晓龙伶人舞台,2023,娱乐八卦,2
官方回应加鹅羽绒服疑被挂闲鱼倒卖,2023,商业财经,2
吵架到一半发现男朋友是对的,2023,娱乐八卦,0
周海媚曾回应为何不婚,2023,娱乐八卦,0
黄奕晒女儿夏令营行李箱,2023,娱乐八卦,2
李俊濠签约龙韬娱乐,2023,娱乐八卦,2
男子一天8瓶可乐瘦70斤被送医抢救,2023,医疗健康,2
ShowMaker回应续约DK三年,2023,游戏电竞,2
金晨主持央视电视剧盛典,2023,影视综艺,2
名侦探学院校规案,2023,教育问题,2
人民军队不断形成新战力硬核又踏实,2023,时政要闻,1
劣质衣服居然有致癌风险,2023,社会民生,0
秦昊说骗你把我从山上推下去,2023,娱乐八卦,1
这猫怎么比狗还狗,2023,社会民生,2
网红三千哥直播pk喝酒后去世,2023,娱乐八卦,0
宝儿直播遭男子播放不雅视频,2023,娱乐八卦,0
一个美人不必长得像另一个美人,2023,娱乐八卦,2
梁洁宋冉好贴,2023,娱乐八卦,2
迪丽热巴一铲子定住了王安宇的船,2023,娱乐八卦,1
婚礼上伴郎下跪求爱伴娘机智跟跪,2023,娱乐八卦,0
为什么大家又爱上头戴式耳机,2023,科技数码,1
邓超情人节送孙俪一盆菜,2023,娱乐八卦,0
初代跑男重聚,2023,娱乐八卦,2
片仔癀涨价到每粒760元,2023,商业财经,2
孙女晒奶奶1954年寒假作业,2023,教育问题,2
什么原因阻碍了你生小孩,2023,社会民生,2
原来看牛吃草这么解压,2023,社会民生,1
全世界只有两个国家拥有时速350公里的高铁,2023,科技数码,1
狗狗趁家里没人把零食炫光了,2023,社会民生,0
女童走失海滩曾有人被潮水卷走,2023,社会民生,0
丈夫给情人转账20万元原配成功追回,2023,社会民生,2
排肝毒 抬腿平躺15分钟,2023,医疗健康,2
复旦大学5月20日起对公众开放,2023,教育问题,2
肖战如梦之梦最新视频,2023,影视综艺,2
链博会里有什么,2023,商业财经,1
4个红斑狼疮的常见误区,2023,医疗健康,2
杨颖 微博之夜,2023,娱乐八卦,0
美国公示丫丫回国相关申请,2023,时政要闻,1
公司一年多骗领生育津贴980万元,2023,商业财经,2
papi酱 我的导购妈妈,2023,娱乐八卦,2
猫王独生女去世,2023,娱乐八卦,0
四川人连早饭都是重油重辣吗,2023,社会民生,2
谭松韵年度歌手是林俊杰,2023,娱乐八卦,1
专业仅有的4位女生年级前四保研,2023,教育问题,2
90后女生离异后定遗嘱保护财产,2023,社会民生,2
年轻人不结婚不生娃反促进宠物经济,2023,社会民生,2
陈哲远偷偷藏不住路透掐人中的原因,2023,娱乐八卦,1
男子让女店员帮试文胸遭怒怼,2023,社会民生,0
人脉说唱,2023,娱乐八卦,2
王冰冰 中传,2023,娱乐八卦,0
ELLE回应红毯耍大牌,2023,时尚美妆,0
如何避免已婚未育成就业劣势,2023,社会民生,2
差点以18.8的彩礼嫁给发小,2023,社会民生,2
国台办回应台湾夜市螺蛳粉生意火爆,2023,时政要闻,2
两对情侣的宿舍生活,2023,娱乐八卦,0
当代人穿汉服主打一个随性,2023,文化内容,2
TFBOYS染了同一发色,2023,娱乐八卦,0
花花是如何成为顶流的,2023,娱乐八卦,1
周琦恢复自由身,2023,体育赛事,2
BLG KT,2023,游戏电竞,2
英语老师为不同成绩准备了meme贴纸,2023,教育问题,0
Gemini是真的毒啊,2023,其他,2
因为聚餐吃太多被辞退了,2023,社会民生,2
得知前任结婚时是什么感受,2023,娱乐八卦,0
一来例假就爆痘怎么办,2023,医疗健康,2
娄底遭霸凌女孩家长回应网友关心,2023,社会民生,2
英国人真的有在用心地改良英食,2023,社会民生,2
iPhone15Pro系列存在变色和吸指纹问题,2023,科技数码,2
蔚来试驾车冲进人行道致一死一伤,2023,商业财经,2
公主的饺子都是带花边的,2023,文化内容,2
好欢螺商业版图,2023,商业财经,2
朱一龙戛纳拍照站C位,2023,娱乐八卦,2
全球第5例艾滋病治愈者出现,2023,医疗健康,0
直播总理记者会,2023,时政要闻,0
当一个巨蟹座不碰感情时,2023,娱乐八卦,2
贝嫂谈贝克汉姆出轨,2023,娱乐八卦,2
李菲儿创业思路被王勉打开了,2023,娱乐八卦,2
费启鸣回应转型做演员,2023,娱乐八卦,2
刘嘉玲说梁朝伟是最好的,2023,娱乐八卦,2
程潇秒猜迪丽热巴冷笑话谐音梗,2023,娱乐八卦,2
六级阅读 小鸭子,2023,教育问题,0
来自China的老头能蒙眼投篮,2023,体育赛事,2
2023年第一场雪,2023,社会民生,1
迪丽热巴画的兔子,2023,娱乐八卦,2
文咏珊被正式确诊为文勇扇,2023,娱乐八卦,0
腾讯T13技术大佬黄希彤被曝遭裁员,2023,商业财经,2
董明珠称一人一套房承诺不变,2023,商业财经,2
田嘉瑞 红不红都要保持初心,2023,娱乐八卦,2
第一次见女主是癞蛤蟆的,2023,影视综艺,2
北京一房东将两居室改成七居室出租,2023,社会民生,2
刘学义董璇新剧演母子,2023,影视综艺,2
港星尹子维在内地做探店博主,2023,娱乐八卦,0
北京停课,2023,教育问题,2
汤年糕,2023,社会民生,1
晋江判定藤萝为枝黑月光未抄袭,2023,文化内容,2
黑暗荣耀导演承认校园暴力,2023,影视综艺,0
B站为什么1年91亿不够养UP主,2023,商业财经,2
白敬亭尖叫之夜年度会员影响力演员,2023,娱乐八卦,2
张杰郑州 秒没,2023,娱乐八卦,0
鹿晗演唱会官宣海报解读视频,2023,娱乐八卦,0
对于女性婚育选择应少些指点江山,2023,社会民生,2
梁朝伟刘德华新片剧照,2023,影视综艺,2
看税收走基层,2023,时政要闻,2
李信山海炽霜斩新皮肤,2023,游戏电竞,2
上海万圣节 百变大咖秀,2023,娱乐八卦,1
跳槽即涨薪的时代,2023,社会民生,2
哪些年货坐火车要限量携带,2023,社会民生,1
丈夫偷送万元包妻子大哭10分钟,2023,娱乐八卦,2
熬夜可能让你不知不觉比别人更胖,2023,医疗健康,0
马杨马君妍新疆爱情故事,2023,娱乐八卦,0
涉毒演员含笑公司已被吊销,2023,娱乐八卦,0
马天宇被小姐姐要加微信,2023,娱乐八卦,0
陈都灵恶女妆,2023,时尚美妆,2
网友质疑Jennie香港演唱会划水,2023,娱乐八卦,2
广东惠东10多万就能买到海景房,2023,商业财经,2
滑县通报一男子持刀将妻子杀害,2023,社会民生,2
皮肤保湿保的是油而不是水,2023,时尚美妆,2
丑衣服都卖给了年轻时的我,2023,时尚美妆,2
我们的亚运,2023,体育赛事,1
偶遇钟辰乐,2023,娱乐八卦,2
网传庆余年2原班人马4月18日开机,2023,影视综艺,0
一棵树居然可以有这么多种颜色,2023,文化内容,2
男子车内当孩子面将妻子捅成重伤,2023,社会民生,1
李诗沣夺金,2023,体育赛事,2
洪世贤艾莉瞒着品如二搭了,2023,娱乐八卦,0
泉水牛肉,2023,社会民生,2
王一博回复黄渤谢谢渤哥,2023,娱乐八卦,0
韩庚,2023,娱乐八卦,1
中国公民入境俄罗斯受阻,2023,时政要闻,2
你的笑是疲惫最好的解药,2023,其他,2
日本人有多舍不得中国大熊猫香香,2023,社会民生,0
女子回应前夫只接走2儿子独留女儿,2023,社会民生,0
断崖旁消防员用身躯做人墙保护孩子,2023,社会民生,0
安阳一楼盘推出0首付0月供购房,2023,商业财经,2
大学单身率最高的专业是什么,2023,教育问题,0
自动续费前5日应以显著方式提醒,2023,社会民生,2
没有剧本可以不拍,2023,影视综艺,2
吴亦凡案二审维持原判,2023,时政要闻,0
知乎回应1888万天价彩礼事件,2023,社会民生,2
夫妻每天背几十斤黄金上下班坚持20年,2023,社会民生,0
霉霉 有屁重录,2023,娱乐八卦,2
沈腾拉着杨幂蹦起了迪,2023,娱乐八卦,2
满江红首映口碑,2023,影视综艺,0
周扬青回应整容质疑,2023,娱乐八卦,2
林孝埈唱国歌,2023,体育赛事,0
这就是你的作业吗也子,2023,教育问题,2
蔡天凤被碎尸案今日提堂,2023,社会民生,2
奔跑吧回应收视率创新低,2023,影视综艺,2
你心目中改名最成功的大学,2023,教育问题,0
全红婵粉丝怒斥裁判压分,2023,体育赛事,0
孙颖莎 破阵,2023,体育赛事,0
苏醒见陈楚生秒叫大哥,2023,娱乐八卦,2
减肥的人晚上都在吃什么,2023,社会民生,2
男子回乡养病意外带全村致富,2023,社会民生,2
网友吃火锅菜品中发现蓝环章鱼,2023,社会民生,1
为什么蚝不便宜蚝油却便宜,2023,社会民生,0
宋昕冉 御三家,2023,娱乐八卦,2
女子误把二哈当狼哭着报警,2023,社会民生,0
发朋友圈只发景物不发自拍,2023,社会民生,2
为什么感觉领导都很有精神,2023,社会民生,2
SMTOWN员工联合抵制HYBE收购,2023,商业财经,0
腹部长赘肉的人都要反思这5个习惯,2023,社会民生,0
建议允许春节分区分时燃放烟花,2023,社会民生,0
承重墙被砸1.6亿赔款谁来出,2023,社会民生,2
千万不要在地铁上看恐怖片,2023,社会民生,2
何猷君给台阶就下,2023,娱乐八卦,2
梁朝伟亚洲电影大奖最佳男主角,2023,影视综艺,1
父亲告上大学女儿索要赡养费,2023,教育问题,2
小动物被抓拍的瞬间好萌,2023,社会民生,2
我的执刃大人来到现代当少爷了,2023,娱乐八卦,1
妈妈仅看外孙一眼继续等待分娩女儿,2023,社会民生,2
乌尔善 金鸡奖最佳导演提名,2023,影视综艺,2
女孩买胸贴女店员叠小票保护隐私,2023,社会民生,0
奥司他韦,2023,医疗健康,2
利拉德71分,2023,体育赛事,2
孝庄秘史 抄袭,2023,影视综艺,2
刑释人员可不可以当网红,2023,社会民生,2
N95口罩血氧仪价格大跳水,2023,医疗健康,2
aespa向公司要求拍摄新专MV,2023,娱乐八卦,2
必胜客 原神,2023,游戏电竞,0
尼泊尔客机坠毁机舱内画面曝光,2023,社会民生,2
郑恺没见过苗苗跳古典舞,2023,娱乐八卦,1
宋雨琦周洁琼新综艺同框跳tomboy,2023,娱乐八卦,2
原来熊猫摔倒的反应跟人一样,2023,社会民生,0
网友P的张颂文高叶合照,2023,娱乐八卦,2
刘涛解释妈祖为什么会说英语,2023,娱乐八卦,2
新上错花轿嫁对郎改名,2023,影视综艺,1
张馨予甜感西瓜妆,2023,时尚美妆,0
女子被打用高跟鞋反击判3年赔20万,2023,社会民生,2
2023中国网络媒体论坛,2023,时政要闻,1
看完灌篮高手破防了,2023,体育赛事,2
张凌赫介绍作品只提了白鹿,2023,娱乐八卦,0
全国超9成小城市房价不过万元,2023,社会民生,0
谁给张婧仪安排的皮裤,2023,娱乐八卦,2
红军用头发丝穿针挑破脚上血泡,2023,文化内容,2
女孩租房开2小时空调用完100元电费,2023,社会民生,2
超市老板猥亵14岁小女孩被行拘9日,2023,社会民生,0
冬季甘蔗煮水是大补,2023,医疗健康,0
范志毅把脸都不要了唱进五哈主题曲,2023,娱乐八卦,1
这些铁路有望今年开通,2023,社会民生,1
金价连续下跌,2023,商业财经,0
当地回应公职人员相亲失败出言不逊,2023,社会民生,2
徐州3名出租车驾驶员被罚款,2023,社会民生,2
63年前的今天中国人有了自己的导弹,2023,科技数码,2
住院新冠感染者回落到127万人,2023,医疗健康,0
迪丽热巴 万渣朝凰,2023,娱乐八卦,0
二级保护动物豹猫疑遭小孩殴打重伤,2023,社会民生,2
张天爱前任4杀青剧照,2023,影视综艺,2
仲溪午答应娶妻,2023,娱乐八卦,0
广东13岁女孩疑被邻居性侵,2023,社会民生,2
JDG官宣Homme离队,2023,游戏电竞,2
化妆前刮脸,2023,时尚美妆,2
国台办回应台湾街头酸菜鱼爆火,2023,时政要闻,2
李川锤娜丽莎 恋情,2023,娱乐八卦,0
张凌赫高得好突出,2023,娱乐八卦,2
米村拌饭 魏大勋来吃俺了,2023,娱乐八卦,2
印度16岁少女枪击性侵者母亲,2023,社会民生,0
饮酒会加速人体衰老,2023,医疗健康,1
饭店阿姨捞垃圾桶地沟油回店,2023,社会民生,2
成都基地回应大熊猫福禄疑淋雨,2023,社会民生,0
月光爆料,2023,娱乐八卦,2
扬州通报干部作风问题,2023,时政要闻,0
原来高级软卧是这样的,2023,社会民生,2
浙江人1年花18亿买香奈儿,2023,商业财经,0
车厘子自由为什么这么难,2023,社会民生,2
中国救援队已营救多名被困者,2023,社会民生,0
林依晨陈柏霖合照,2023,娱乐八卦,2
杭州地铁口惊现玫瑰瀑布,2023,社会民生,2
冬天泡脚有3个禁忌,2023,医疗健康,0
我去面试老爸却被看上了,2023,社会民生,2
感冒发烧输液好得快是误区,2023,医疗健康,2
张朝阳称年轻人不要只追求赚钱和快乐,2023,社会民生,2
明年要坚持稳中求进以进促稳先立后破,2023,时政要闻,2
五一假期才第2天已经玩累了,2023,社会民生,2
肖战白百何片场抱饮抱食,2023,娱乐八卦,2
童瑶 马面裙,2023,时尚美妆,0
e人和i人的拍照区别,2023,其他,1
李诞说不想再结婚了,2023,娱乐八卦,2
小狗生病90岁爷爷奶奶陪伴挂水,2023,社会民生,2
如何科学淡痘印,2023,其他,0
杨笠 七时吉祥,2023,娱乐八卦,2
何猷君跟狗吵架,2023,娱乐八卦,2
死缓犯狱中患癌离世家属索赔700余万,2023,社会民生,0
男生用嘴帮女友吸伤口确诊三级暴露,2023,社会民生,0
女子遭未婚夫强奸曾逃出房呼救被拖回,2023,社会民生,0
闲鱼回应援助加拿大鹅被倒卖,2023,商业财经,0
蕈样霉菌病,2023,医疗健康,2
1937年12月13日我们不能忘不敢忘,2023,文化内容,2
23天婴儿医院洗澡按摩后肠坏死,2023,医疗健康,2
我国每年废弃手机约4亿部,2023,科技数码,1
新娘不要彩礼陪嫁208万,2023,社会民生,2
司机听说我去清华把车费抹了零,2023,社会民生,2
刘昊然回应一部手机用五六年,2023,娱乐八卦,0
男子3次猥亵邻座女子被老婆狂扇耳光,2023,社会民生,0
家长开门没想到把2岁女童手指夹断,2023,社会民生,2
男子首次带女友回家全家拿红包门口迎接,2023,社会民生,2
韩国烫头 中国托尼,2023,时尚美妆,2
23城下调首套房贷利率,2023,商业财经,1
湿厕纸可以擦脸吗,2023,其他,2
兔宝宝8天5个涨停板,2023,商业财经,2
北极鲶鱼核查不予公开是否为权力的傲慢,2023,时政要闻,1
邓超定7个闹钟听鹿晗新歌,2023,娱乐八卦,0
在东北实现碳水自由有多爽,2023,社会民生,2
范德比尔特15分17篮板,2023,体育赛事,2
宁安如梦 公主和亲,2023,文化内容,2
杨紫西欧皇室公主风,2023,时尚美妆,2
没认出这是刘诗诗,2023,娱乐八卦,2
陈乔恩连续七年晒照悼念乔任梁,2023,娱乐八卦,2
HYBE成SMTOWN第一大股东,2023,商业财经,2
迪丽热巴 恶女戏,2023,娱乐八卦,0
K5133次旅客列车运行中脱轨,2023,社会民生,2
杨幂向涿州灾区捐赠物资,2023,娱乐八卦,0
克拉棒三代,2023,科技数码,2
无效接剧艺人,2023,娱乐八卦,2
乌克兰丈母娘感叹上海是童话世界,2023,时政要闻,1
张凌赫回应谢危偷亲,2023,娱乐八卦,0
李连杰采访 死后不立碑不办丧事,2023,娱乐八卦,2
这屋顶怎么上去的,2023,其他,0
杨幂式保暖穿搭,2023,时尚美妆,2
王石 田朴珺,2023,商业财经,0
初三学生因成绩差开学报名被劝退,2023,教育问题,2
程序员20年喝近2吨可乐屡患结石,2023,医疗健康,2
诺如病毒,2023,医疗健康,2
虞书欣 刘虞佳,2023,娱乐八卦,2
周黑鸭客服否认业绩下滑系价格贵,2023,商业财经,2
浪姐4谢娜人气排第一,2023,娱乐八卦,0
门头沟女干部熊丽在勘察险情途中牺牲,2023,社会民生,0
刘宇说讨厌INTO1要解散了,2023,娱乐八卦,0
ChatGPT解读董宇辉回应长文,2023,科技数码,0
辣目被打伤,2023,娱乐八卦,0
男孩与家人走散7天无人认领,2023,社会民生,0
妈妈用废纸壳为女儿搭出童话世界,2023,社会民生,2
宁王,2023,商业财经,2
脏手指 舞女泪,2023,娱乐八卦,2
深夜的海洋到底有多可怕,2023,其他,0
隔着屏幕已经闻到小狗味了,2023,社会民生,1
成都最隐秘的鬼市,2023,文化内容,1
新加坡一39岁已婚男子猥亵9岁女童,2023,社会民生,2
杨紫琼带小金人扫墓,2023,娱乐八卦,2
重庆一大桥桥墩起火有人受伤,2023,社会民生,2
十年前迪丽热巴央视未播画面,2023,娱乐八卦,2
黑暗荣耀与太阳的后裔名场面对比,2023,影视综艺,2
永远会被东北的物价感动,2023,社会民生,0
给女儿准备三万本书当书房,2023,教育问题,0
韩国警方称涉案艺人只有李善均权志龙,2023,娱乐八卦,0
吴莫愁退圈三年直言听歌想吐,2023,娱乐八卦,0
离职三天后同事发的微信,2023,社会民生,1
狗子误食月饼集体打吊针,2023,社会民生,2
小S许雅钧cos,2023,娱乐八卦,0
丁克的我想通了生孩子的意义,2023,社会民生,0
普京回应巴以冲突,2023,时政要闻,0
利物浦2比5皇马,2023,体育赛事,2
新批准国产网游版号达105款,2023,游戏电竞,2
承重墙被砸整栋居民搬离谁责任最大,2023,社会民生,2
陈奕迅第二十六场演唱会孤勇者,2023,娱乐八卦,1
她不出声我也知道她善良可爱,2023,娱乐八卦,2
电影周边是否可以萌化反面人物,2023,影视综艺,2
刘亚仁一年内注射异丙酚73次,2023,娱乐八卦,0
2022中国全年出生人口956万人,2023,社会民生,2
李强总理回应中美脱钩论调,2023,时政要闻,0
高铁要是提速到800公里,2023,科技数码,2
新冠病毒真的会导致失眠吗,2023,医疗健康,2
婚房烂尾10年业主住进毛坯房,2023,社会民生,2
EXO全员入伍,2023,娱乐八卦,2
李一桐cos黑寡妇,2024,娱乐八卦,2
王阳 高斯,2024,其他,2
青岛啤酒登上央视三分钟,2024,商业财经,2
白鹿把领口缝起来了,2024,娱乐八卦,0
vivoX200系列发布会,2024,科技数码,1
马龙vs林诗栋,2024,体育赛事,0
奚梦瑶 拜托老娘可是超模,2024,时尚美妆,2
小时候吃的无花果是萝卜丝做的,2024,社会民生,2
贾玲路演被喊老公,2024,娱乐八卦,2
虞书欣真听劝,2024,娱乐八卦,0
00后的亲戚关系全靠长辈维持,2024,社会民生,2
张馨予 不要小看我的网速,2024,娱乐八卦,2
刘国梁为孙颖莎颁奖,2024,体育赛事,2
邓超 亚比囧囧囧,2024,娱乐八卦,1
沥心沙大桥事故已致2死3失联,2024,社会民生,2
英雄回祖国,2024,时政要闻,1
上海招聘薪酬13261元每月居全国第一,2024,商业财经,0
解放军抵近台岛演习夺取综合制权,2024,时政要闻,0
王一博公司与乐华无直接股权关联,2024,娱乐八卦,0
春节档还剩四部电影在映,2024,影视综艺,2
儿子回家时被狗狗选中了,2024,社会民生,2
尔滨百年菜市场开始论个卖菜了,2024,社会民生,1
谭爷爷和花花在一起好温馨,2024,社会民生,1
热辣滚烫 重重拿起又轻轻放下,2024,其他,2
檀健次说沈翊卧底在了罪犯心里,2024,娱乐八卦,1
丈夫住院取2.5万元被银行电话核实,2024,社会民生,0
许昕说王楚钦能来打澳门赛不容易,2024,体育赛事,0
现在浙江的咖啡这么卷了吗,2024,社会民生,2
一中学学生签自杀与学校无关承诺书,2024,教育问题,2
农村老人沉迷刷APP挣钱,2024,社会民生,2
18位慰安妇制度受害者子女在国内起诉日本,2024,时政要闻,2
种地交钱被免干部涉嫌学历造假,2024,教育问题,2
国足vs塔吉克斯坦,2024,体育赛事,0
理想市值一天涨了1个小鹏,2024,商业财经,2
四六级考试一次就过,2024,教育问题,1
龙婆走了 尹仲也走了,2024,其他,2
点读机女孩需承担法律责任吗,2024,社会民生,2
极越,2024,其他,1
山河四省互不内卷条约结束,2024,社会民生,0
肖俊人呢,2024,娱乐八卦,1
以为是爱情来了没想到是亲情,2024,娱乐八卦,2
杨幂 微博之夜要做的选择题,2024,娱乐八卦,0
冬日的第一杯热红酒,2024,社会民生,1
周深今年最大的收获是歌迷,2024,娱乐八卦,1
鹭卓巡演主办方道歉,2024,娱乐八卦,2
小米su7被借拍色情片疑车主发声,2024,科技数码,2
第二十条连续票房逆跌,2024,影视综艺,2
太疲惫身体会变臭,2024,医疗健康,2
薛之谦新歌AI每一句结尾都是AI,2024,娱乐八卦,2
韩媒 中国放烟花影响韩国空气质量,2024,时政要闻,1
illit疑似抄袭straykids手势,2024,娱乐八卦,2
永夜星河男主出场 奥特曼来了,2024,影视综艺,2
小侄女问我辞职后怎么赚钱,2024,社会民生,2
导盲犬禁入是给谁看的,2024,社会民生,0
余承东称史上最强大的Mate11月见,2024,科技数码,2
你们院人是懂饭撒的,2024,其他,2
沈腾句句不提贾玲句句都是贾玲,2024,娱乐八卦,0
赵丽颖围炉煮茶随拍,2024,娱乐八卦,2
06年小学老师的一天,2024,教育问题,2
蓝猫被俩橘猫凶吓得不敢动,2024,社会民生,1
2024KPL奇妙夜,2024,游戏电竞,2
蔡文静录恋综不像观察员像女嘉宾,2024,娱乐八卦,2
女子买3叫花鸡回家发现2只仅有泥巴,2024,社会民生,2
成毅狐妖蒙眼造型,2024,娱乐八卦,1
朱丹周一围情人节合照,2024,娱乐八卦,2
郑州一海洋馆潜水员在馆内溺亡,2024,社会民生,2
警方通报5岁女童小区内被碾压致死,2024,社会民生,1
对乔任梁之死纠缠不放是热血还是凉薄,2024,娱乐八卦,1
大多数孩子对父母的真实写照,2024,社会民生,2
中方将参加安全纽带2024联演,2024,时政要闻,1
微短剧付费陷阱套住中老年人,2024,社会民生,0
大爷还没意识到他马上成为景点,2024,社会民生,2
29个行业被美国卡脖子卡出单项冠军,2024,商业财经,0
奶奶忍受了一辈子的冷暴力,2024,社会民生,2
肖战小括号,2024,娱乐八卦,0
低彩礼子女优先入学是否公平,2024,教育问题,2
ArianaGrande见到杨紫琼的反应,2024,娱乐八卦,2
何浩楠不种地改陪帝君下凡追爱,2024,娱乐八卦,2
妇幼医生多看一眼救了一个家庭,2024,医疗健康,2
孙颖莎吴咏琳3比0杨玉鑫冷雨桐,2024,体育赛事,1
张馨予旅游博主,2024,社会民生,2
脑袋空空的人适合什么工作,2024,社会民生,2
曾98万拍下摊位的大叔卖馍半月回本,2024,商业财经,1
张栋梁拥抱拒绝金莎,2024,娱乐八卦,0
上海的二次元浓度,2024,文化内容,2
远嫁日本女子得知家人在找自己哭了,2024,社会民生,2
香港双婴尸案今日提堂,2024,社会民生,2
张艺凡边走边卸妆,2024,娱乐八卦,2
谭爷爷的第1支vlog,2024,社会民生,2
生育补贴,2024,社会民生,2
杨洋章若楠开机同框,2024,娱乐八卦,2
星穹铁道1.6,2024,游戏电竞,2
邓超别哭了,2024,娱乐八卦,2
法越馨晒拍的肖战,2024,娱乐八卦,2
文化中国行我写家乡,2024,文化内容,1
近期高发的嗓子疼可能是这种急症,2024,医疗健康,1
不玩大冰梗了,2024,娱乐八卦,2
贾玲好迷人,2024,娱乐八卦,0
张艺兴女团正面照,2024,娱乐八卦,2
为什么要进行联合利剑2024B演习,2024,时政要闻,2
副市长现身凤凰传奇演唱会,2024,社会民生,0
陈梦说不知这是不是自己最后一届奥运,2024,体育赛事,1
女子高挂10层阳台邻居大哥机智救援,2024,社会民生,1
灏琪cp官宣,2024,娱乐八卦,2
石头姐 杨紫琼,2024,娱乐八卦,0
红烧牛肉做法,2024,社会民生,2
老乡鸡的鸡丢了,2024,社会民生,2
周笔畅 第二名离第一就差一口气,2024,娱乐八卦,0
米妮她私下就是烟酒都来啊,2024,娱乐八卦,1
首次将封锁台湾摆在台面,2024,时政要闻,0
迪丽热巴滇味应援牌设计师回应,2024,娱乐八卦,0
游泳教练憋气练习时意外溺亡,2024,体育赛事,2
高铁地铁为什么不在夜间行车,2024,社会民生,2
永夜星河求加更,2024,其他,0
王源李现去了张杰演唱会,2024,娱乐八卦,0
官方通报广州一女子商场跳楼砸中人,2024,社会民生,0
双体制意味着什么,2024,时政要闻,2
向佐再回应扇巴掌行为,2024,娱乐八卦,0
朱开喊话Jiejie,2024,游戏电竞,2
四种素菜小心越吃越胖,2024,社会民生,0
微信办公构成加班须支付加班工资,2024,社会民生,2
面试就是在筛掉配得感低的人,2024,社会民生,2
男孩吞下整根牙刷隐瞒了2天,2024,社会民生,1
十四冬开幕式,2024,体育赛事,1
用肖战的灯塔打开山东的灯塔,2024,娱乐八卦,1
孙颖莎24岁13个世界冠军,2024,体育赛事,2
秘鲁外星人遗体是人工合成人偶,2024,其他,2
步行者晋级东部决赛,2024,体育赛事,2
奚梦瑶宣传,2024,娱乐八卦,2
切尔诺贝利的狼已进化出抗癌能力,2024,其他,2
11岁男生向女童泼开水不需承担刑责,2024,社会民生,2
中国香港女团晋级四强,2024,娱乐八卦,2
小米汽车回应车内摄像头,2024,科技数码,2
纪凌尘对沈月说要牵只能牵我的手,2024,娱乐八卦,2
黄子韬一天涨粉500万,2024,娱乐八卦,0
网红130万整形嘴弯眼斜,2024,时尚美妆,0
极越回应经营状况,2024,商业财经,0
但你为什么让他赢呢,2024,其他,2
吴镇宇 金莎没有能力带他的,2024,娱乐八卦,2
谢娜家吃饭的时候不允许看手机,2024,娱乐八卦,2
XLB曝Doinb聊天截图,2024,游戏电竞,2
春晚彩排明星,2024,娱乐八卦,2
消防员撤离前留下祝福黑板报,2024,社会民生,2
于正对赵丽颖的评价,2024,娱乐八卦,2
宜家紧急召回3008件充电器,2024,商业财经,1
刘诗雯赛前流鼻血3天了,2024,体育赛事,2
苹果计划为iPad推出计算器应用,2024,科技数码,2
丞磊抽到了张小斐送的刮刮乐,2024,娱乐八卦,2
警方通报胖猫与谭某经济往来情况,2024,社会民生,0
警方介入调查南宁中学校园欺凌事件,2024,社会民生,2
张凌赫赵今麦吻戏路透,2024,娱乐八卦,2
市民称鹤岗特大暴雪蔬菜没涨价,2024,社会民生,0
玲花 维权是你们的权利,2024,娱乐八卦,0
老师带4个月女儿上课成班里团宠,2024,教育问题,1
预算200可以去哪个国家,2024,社会民生,2
黄子韬徐艺洋秀恩爱vlog,2024,娱乐八卦,2
B站回应短片被举报涉嫌洗稿,2024,娱乐八卦,2
日本男子被同事推入15米深山谷,2024,社会民生,2
仝卓工作室称未开拍就为王凯团队花30万,2024,娱乐八卦,2
胖东来发布情况说明,2024,商业财经,0
乌镇峰会人形机器人加速进化,2024,科技数码,0
33岁中国男子涉嫌用热咖啡泼伤婴儿后出逃,2024,社会民生,2
林高远王曼昱3比0周哲宇曾尖,2024,体育赛事,2
霍建华林心如观看女儿演出,2024,娱乐八卦,2
情人节关键时刻见实力,2024,娱乐八卦,2
志愿军战士真实冲锋影像,2024,时政要闻,1
深圳湾,2024,社会民生,2
为什么百香果不能带进监狱,2024,社会民生,0
猫在好吃和好痛之间徘徊,2024,社会民生,2
2024考研国家线出了,2024,教育问题,0
前TVB艺人被香港警方通缉,2024,社会民生,2
向佐马面裙被曝抄袭比原版贵300,2024,娱乐八卦,2
邓为出图,2024,娱乐八卦,1
杨紫李现国色芳华开始招商,2024,影视综艺,1
鞠婧祎工作室称仙剑四片方违约,2024,娱乐八卦,2
王浩文拐卖儿童数量可能超五六十人,2024,社会民生,2
香水喷法,2024,时尚美妆,2
小米SU7冲上公交站台致2人受伤,2024,科技数码,2
刘亦菲白色吊带裙,2024,时尚美妆,0
有人卖出5公斤黄金变现270多万,2024,商业财经,0
伊朗以色列,2024,时政要闻,2
李佳琦618不用难了,2024,商业财经,0
把洋娃娃改成买不起的样子,2024,娱乐八卦,2
其实我不爱吃牛蛙,2024,社会民生,2
周扬青 带经纪人录节目的一天,2024,娱乐八卦,2
钟楚曦演的皇后好带感,2024,娱乐八卦,2
邱淑贞拍的女儿沈月,2024,娱乐八卦,0
教练Gemini回归,2024,游戏电竞,2
郑钦文赛后采访,2024,体育赛事,0
爸妈让6岁儿子晚上学一年到处旅游,2024,教育问题,1
汪苏泷声生不息音源冠军,2024,娱乐八卦,2
听泉鉴宝喊话别再神话我了,2024,文化内容,1
宋亚轩将缺席现在就出发2后续录制,2024,娱乐八卦,2
Angelababy狼尾超短发,2024,时尚美妆,2
我国发射高速激光钻石星座试验系统,2024,科技数码,2
2名90后航天员要飞天了,2024,科技数码,2
美国B52战略轰炸机抵达中东,2024,时政要闻,1
王一博70米天坑索降,2024,娱乐八卦,2
8岁萌兰遇到5个月大的自己害羞羞,2024,社会民生,2
孙颖莎 不知道能不能打到洛杉矶,2024,体育赛事,0
卢伟冰称将形成苹果三星小米三足鼎立格局,2024,商业财经,2
法国女排vs美国女排,2024,体育赛事,2
微信转账520和1314能要回吗,2024,社会民生,2
夏克立 我从来没有家暴,2024,娱乐八卦,1
女员工入职3个月怀孕遭开除,2024,社会民生,2
日本去年新生婴儿75万人,2024,社会民生,2
三胞胎宝宝坐高铁买挂票,2024,社会民生,0
珠帘玉幕 OE,2024,其他,2
三木复出,2024,娱乐八卦,2
国家免费补课平台,2024,教育问题,2
爷爷给我带来了一只小狗,2024,社会民生,2
黄明昊独自在漠河的精神状态,2024,娱乐八卦,2
辞职考研的人越来越多了,2024,教育问题,0
医生谈减重版司美格鲁肽,2024,医疗健康,0
霍尊复出,2024,娱乐八卦,2
管泽元余霜食物中毒,2024,娱乐八卦,2
林诗栋4比1王楚钦,2024,体育赛事,0
为什么中国人存钱越来越多,2024,商业财经,2
3200元直播间买金渐层刚到家就死亡,2024,社会民生,2
猫咪可以胆小到什么程度,2024,社会民生,2
虞书欣ins 他拍的,2024,娱乐八卦,1
谁能像何炅对黄磊那样对我,2024,娱乐八卦,2
沈梦瑶 取关,2024,娱乐八卦,2
退烧后的淄博,2024,社会民生,2
Super Junior SM全否定,2024,娱乐八卦,2
父母是坐在副驾上的人,2024,社会民生,2
裴珠泫个人solo预告,2024,娱乐八卦,2
小义 时间线,2024,娱乐八卦,2
凯特王妃就P图道歉,2024,娱乐八卦,0
2架歼20为英雄护航,2024,时政要闻,1
小米回应SU7保费比玛莎拉蒂更贵,2024,商业财经,2
猪牛羊肉为2A类致癌物,2024,医疗健康,2
5月份工资可以提前发,2024,社会民生,2
秦岚偷偷量了辛芷蕾手指尺寸,2024,娱乐八卦,2
突然知道存不住钱的原因了,2024,社会民生,2
易烊千玺没被认出来,2024,娱乐八卦,2
不上正经班却赚到更多钱的普通人,2024,社会民生,2
李现朱一龙都被湖北文旅摇来了,2024,娱乐八卦,2
XLB怒喷Doinb,2024,游戏电竞,0
白鹿演假小子,2024,娱乐八卦,2
迪丽热巴还不出图,2024,娱乐八卦,2
男子举报妻子和国企领导发生关系致流产,2024,时政要闻,0
买车险要求即时生效3小时后发生车祸,2024,社会民生,2
王昶 我想挑战女双,2024,体育赛事,2
财神爷,2024,其他,0
黄晓明祝贺陈梦,2024,娱乐八卦,0
剪指甲时去掉的死皮一直在保护你,2024,其他,2
张本智和淘汰,2024,体育赛事,0
江苏必要时将果断停课,2024,教育问题,2
王楚钦止步4强,2024,体育赛事,2
张小斐 恶女妆,2024,娱乐八卦,1
美国共产主义者宣布成立政党,2024,时政要闻,2
日本松下子公司数据造假,2024,商业财经,2
台湾小伙痴迷文物来大陆学考古,2024,文化内容,2
吃火锅意外入镜直播间获赔500元,2024,社会民生,0
大雾影响伊朗总统直升机救援,2024,时政要闻,2
上海一杯4颗美式汤圆要38元,2024,社会民生,2
林更新认出了张子枫没认出黄磊,2024,娱乐八卦,0
墨西哥总统称美方加征关税加剧美墨通胀,2024,时政要闻,1
一图梳理马航MH370事件,2024,时政要闻,1
石凯 收哥机,2024,其他,2
海棠读者,2024,其他,0
金价出现回调,2024,商业财经,2
李行亮只争女儿抚养权,2024,娱乐八卦,2
IU2024世巡,2024,娱乐八卦,2
杜江晒嗯哼侧颜,2024,娱乐八卦,0
杨幂说自己穿新中式被看到是荣幸,2024,娱乐八卦,0
凡希亚中式妆造,2024,时尚美妆,2
姆巴佩将放弃超1亿欧奖金,2024,体育赛事,2
林高远vs王楚钦,2024,体育赛事,1
董宇辉微博,2024,娱乐八卦,2
贝碧嘉,2024,其他,1
5000一碗的食神炒饭,2024,社会民生,2
麦琳同款马甲售罄,2024,时尚美妆,2
外卖小哥是懂怎样灭火的,2024,社会民生,2
王大伟受贿5.55亿元被判死缓,2024,时政要闻,2
高君雨同学发声,2024,教育问题,0
女子称住酒店裸睡被人强行刷开房门,2024,社会民生,2
祈今朝宣发,2024,娱乐八卦,2
希林娜依高模仿世界小姐,2024,娱乐八卦,2
丈夫看店铺监控发现妻子出轨,2024,娱乐八卦,1
事业单位退休人员犯罪被停发养老金,2024,社会民生,1
王菲谢霆锋一起回国,2024,娱乐八卦,2
为什么女性一定要养好气血,2024,医疗健康,2
财政部许愿池里45%个人所得税是啥,2024,商业财经,2
律师称现有证据下王宝强不构成欺诈,2024,娱乐八卦,2
南京野猪是见过世面的,2024,社会民生,1
北京奔驰CEO吐槽有些车企靠堆料竞争,2024,商业财经,2
女子养的宠物貂被洗衣机洗了15分钟,2024,社会民生,2
甄嬛传中沈眉庄为何能复宠,2024,影视综艺,2
特朗普称我要回来了,2024,时政要闻,2
中国女子远嫁日本已失联16个月,2024,社会民生,0
郑钦文咬金牌,2024,体育赛事,0
南北互跨式旅游地图,2024,社会民生,1
小伙捡到疑似手雷赶紧上交,2024,社会民生,1
63岁阿姨健身8年身材如少女,2024,社会民生,2
农村未成年人的手机之困,2024,教育问题,2
程芽芽高中毕业三年带娃经验,2024,教育问题,2
私家车坠入水塘热心群众接力救援,2024,社会民生,2
周震南微博名改回来了,2024,娱乐八卦,2
老舅说故意把山河图写绕口,2024,娱乐八卦,2
美议员承认TikTok剥离法案就是禁令,2024,时政要闻,2
芒果跨年 虞书欣和她的男主角们,2024,影视综艺,2
三种家庭致癌油,2024,医疗健康,2
日本女队全员夸赞孙颖莎,2024,体育赛事,2
郑恺生日party好热闹,2024,娱乐八卦,0
洪承汉退队,2024,娱乐八卦,0
苏炳添60米6秒66,2024,体育赛事,1
品牌方帮杨紫辟谣,2024,娱乐八卦,0
SM承认柳智敏恋情,2024,娱乐八卦,2
赵露思抹胸高定,2024,时尚美妆,2
请和我的老公结婚 BTS,2024,娱乐八卦,2
不烫不死心 烫了想死的心,2024,其他,2
林俊杰是黄老板演唱会嘉宾,2024,娱乐八卦,0
今天立夏,2024,文化内容,2
韩国宣布辞职医生再不复岗司法处理,2024,医疗健康,2
白鹿抽到了许佳琪织的围巾,2024,娱乐八卦,2
新疆葡萄干为啥都那么大,2024,社会民生,0
吉赛尔ins,2024,时尚美妆,2
男子曾获老师无偿资助回母校捐款50万,2024,教育问题,1
烟火人家一人离婚全家上阵,2024,社会民生,2
周雨彤 我没有那么糟糕,2024,娱乐八卦,2
社保卡一定要记得去激活,2024,社会民生,2
犹太教授建议犹太人学中文,2024,教育问题,2
中国近一半大城市正在下沉,2024,社会民生,2
要睡多久觉才能把黑眼圈睡没,2024,其他,1
张予曦越扒越有,2024,娱乐八卦,0
我未杀伯仁 伯仁却因我而死,2024,其他,1
徐冬冬说跑龙套赚的钱够养自己,2024,娱乐八卦,1
朱莉回应离婚,2024,娱乐八卦,0
广西小伙说蔓越莓不酸是我自己酸,2024,社会民生,1
骏马奔腾,2024,其他,0
颖儿说参加严屹宽婚礼哭得稀里哗啦,2024,娱乐八卦,2
吴磊第一部现偶多国TOP1,2024,影视综艺,0
男生给朋友炫耀守宫蛋突然破壳,2024,社会民生,1
都研究生了还要考四级,2024,教育问题,0
17名博硕士研发的方便面里真的有肉,2024,教育问题,2
大梦归离好虐,2024,娱乐八卦,0
微博之夜的妆造,2024,娱乐八卦,2
虞书欣对接确认参加星光大赏,2024,娱乐八卦,2
因为性格太软被公司部门抢着要,2024,社会民生,2
人民网评网红扮演赵世子,2024,娱乐八卦,0
公安部网安局提醒此类谷子不能吃,2024,社会民生,0
记者因报道郑俊英事件流产2次,2024,娱乐八卦,2
印度电影又出神片,2024,影视综艺,2
女子买6万黄金不挑款店员果断报警,2024,社会民生,2
鸭屎香这个名字怎么来的,2024,其他,2
抑郁症患者可能并不需要鼓励,2024,医疗健康,1
高源回应仝卓工作室,2024,娱乐八卦,2
这个周一给我一种无力感,2024,其他,2
马伊琍拍繁花三年没见过游本昌,2024,娱乐八卦,2
刮刮乐中奖5000后背上9万债,2024,社会民生,0
晒被子后的太阳味是怎么来的,2024,其他,2
Gucci把肖战写入简介,2024,时尚美妆,0
睡前不刷牙的危害有多大,2024,医疗健康,2
棣欣引力 对视,2024,娱乐八卦,1
这居然是董子健,2024,娱乐八卦,0
明年不会来你家了,2024,娱乐八卦,2
高君雨妈妈称没有接受捐款,2024,娱乐八卦,2
花花和萌兰见面了,2024,娱乐八卦,2
唐嫣还不出图,2024,娱乐八卦,2
爱在EX30小满大满足,2024,娱乐八卦,2
陈伟霆开健身房的原因,2024,娱乐八卦,2
微信开放情人节520红包,2024,科技数码,2
陈晓名下工作室仅1家存续,2024,商业财经,1
黑粉向杨洋致歉,2024,娱乐八卦,2
乌克兰2.3万大学生被开除,2024,教育问题,2
任子威林孝埈前二进决赛,2024,体育赛事,2
娜扎 性感风,2024,时尚美妆,0
个人养老金已有7000万人开户,2024,商业财经,0
夫妻婚后无夫妻之实离婚女方判还32万彩礼,2024,社会民生,2
大学女生陪爬泰山只收20元,2024,社会民生,2
春节假期最后一天,2024,社会民生,2
虞书欣晒与永夜星河主创合照,2024,娱乐八卦,2
黄磊回应资源背景争议,2024,娱乐八卦,1
车厘子降价我怎么还是买不起,2024,社会民生,2
玄彬综艺上叫孙艺珍我老婆,2024,娱乐八卦,2
文化中国行看打开ChinaTravel的N种方式,2024,文化内容,1
因为高反室友把我一个人丢在了丽江,2024,社会民生,0
果郡王回复网友不用意难平了,2024,娱乐八卦,2
载有伊朗总统的直升机硬着陆,2024,时政要闻,1
女子注销号码未解绑网盘致照片泄露,2024,社会民生,2
撞死网红狼司机疑似未主动救治,2024,娱乐八卦,0
哈萨克斯坦坠机幸存者走出机舱,2024,时政要闻,0
外卖小哥雪天送打不到车的女生回家,2024,社会民生,2
25年老员工被开除法院判赔98万,2024,社会民生,2
共话新质生产力,2024,商业财经,1
8个8靓号龙钞并未售出,2024,商业财经,2
孙颖莎说在北京留下了最美好的回忆,2024,体育赛事,1
杨幂原声台词有无字幕对比,2024,娱乐八卦,2
王耀庆补上了四万五的花洒,2024,娱乐八卦,1
南方人吃月饼竟然切成小块插着吃,2024,社会民生,1
沥心沙大桥撞击时画面曝光,2024,社会民生,2
儿子谎称睾丸破裂骗摆摊父亲30万,2024,社会民生,1
暴雪后鹤岗车主找车像开盲盒,2024,社会民生,2
贾玲公开瘦身食谱,2024,娱乐八卦,0
王源自驾游,2024,娱乐八卦,2
刘诗诗上城士拍摄vlog,2024,娱乐八卦,1
许昕说孙颖莎今天状态只有7分,2024,体育赛事,0
重婚男子被改判无罪获法院赔偿11万,2024,时政要闻,2
肖战台版GQ封面大片,2024,娱乐八卦,0
清明上河园小乞丐回应被喂胖,2024,文化内容,1
虞书欣何与cp感,2024,娱乐八卦,0
13岁小孩开颅堪比女娲补天,2024,医疗健康,0
520 垃圾桶,2024,其他,0
方正证券员工被爆料,2024,商业财经,2
猎罪图鉴2下周播出,2024,影视综艺,0
许嵩西安演唱会,2024,娱乐八卦,0
郑钦文夺冠后亚季军拒绝中国媒体采访,2024,体育赛事,2
豆豆的手印,2024,其他,2
陈梦孙颖莎拥抱,2024,体育赛事,0
网传中国女游客在印尼火山景点遇难,2024,社会民生,0
游客算命花费3333元喇叭喊话避坑,2024,社会民生,0
美人鱼的夏天,2024,娱乐八卦,2
央妈镜头的祝绪丹,2024,娱乐八卦,0
张峻豪行走的衣架子,2024,娱乐八卦,2
用户借胖猫事件煽动性别对立等被处置,2024,社会民生,0
你吃的小鱼干是足疗店退休的小鱼吗,2024,其他,2
文韬受伤,2024,其他,2
赵丽颖战损妆梦回楚乔,2024,娱乐八卦,0
周冠宇哭了,2024,体育赛事,0
张杰谢娜带娃度假,2024,娱乐八卦,2
潘展乐是陈奕迅周杰伦双担,2024,娱乐八卦,1
费翔的母亲去世,2024,娱乐八卦,2
大唐不夜城丢刀侍卫,2024,文化内容,2
中国式令人窒息的母亲,2024,社会民生,2
毛不易穿洞洞鞋爬长白山,2024,娱乐八卦,1
女教师哺乳期被学校调岗为保洁,2024,教育问题,1
向佐让赵露思教他跳操,2024,娱乐八卦,2
张凌赫发文虞书欣永夜星河,2024,娱乐八卦,1
孙颖莎女单进决赛,2024,体育赛事,0
网红铁头惩恶扬善遭全网封禁,2024,娱乐八卦,2
陈冠希发了Jennie,2024,娱乐八卦,1
与凤行今日收官,2024,影视综艺,2
papi酱问郭采洁哪来这么多破烂儿,2024,娱乐八卦,2
女生找工作被HR问如果想追你呢,2024,社会民生,2
为什么现在的煎鸡蛋都长这样,2024,社会民生,2
娃哈哈 保洁,2024,社会民生,2
未来三天有可能爆发M级甚至X级以上耀斑,2024,科技数码,0
女子反映天然气费用突增老公被公司约谈,2024,社会民生,1
BIGBANG合体,2024,娱乐八卦,0
女子孕期突然耳洞疤痕增生,2024,医疗健康,1
他一搂我就知道跑不了了,2024,娱乐八卦,0
田曦薇女推2上班路透,2024,娱乐八卦,2
国产游乐园开始集体转型了,2024,社会民生,1
迪丽热巴邓为 将门毒后,2024,娱乐八卦,2
朝军8个炮兵旅团转为射击待命,2024,时政要闻,0
肖战出发米兰,2024,娱乐八卦,2
春晚分会场是会选址的,2024,影视综艺,0
原来朋友真的可以在路上遇到,2024,社会民生,2
刘彬彬发挥,2024,体育赛事,2
伊朗内政部长证实载有总统的直升机队发生事故,2024,时政要闻,1
女校长回应百人群发不雅视频,2024,社会民生,1
国台办回应网上出现武统声音,2024,时政要闻,2
一个节目心疼三个女人,2024,娱乐八卦,2
iPhone15频降价引吐槽,2024,科技数码,2
姜爷爷来中国见福宝,2025,社会民生,0
现在漠河比南北极都冷了吗,2025,社会民生,1
原来命运的齿轮真的会有提示音,2025,社会民生,1
内娱四位粉丝破百万的站姐,2025,娱乐八卦,2
柴怼怼 胖东来,2025,社会民生,2
一路繁花8个人只吃了700块,2025,社会民生,1
举报史航女生再发声,2025,社会民生,0
张碧晨给张艺兴送花篮,2025,娱乐八卦,1
湖北一中学生坠楼家属发声,2025,教育问题,2
疯狂小杨哥露面,2025,娱乐八卦,2
接美国流浪宇航员的发射取消了,2025,科技数码,2
王楚钦一单对战中国香港,2025,体育赛事,2
两个菜661元商家退款400元,2025,社会民生,2
这届年轻人开始整顿年味了,2025,社会民生,2
刘晓庆体力,2025,娱乐八卦,2
孙颖莎王楚钦回应WTT新规,2025,体育赛事,2
哪吒破百亿荣耀送10亿,2025,游戏电竞,0
那英肖战合唱跟着感觉走,2025,娱乐八卦,0
协和特培项目是否成了特权通道,2025,医疗健康,0
李小冉骑的马一边走路一边拉屎,2025,娱乐八卦,2
考公年龄放宽大龄考生紧急备考,2025,教育问题,2
乌克兰与美国矿产协议全文,2025,时政要闻,2
崔珉焕称离婚因妻子一天睡18小时,2025,娱乐八卦,2
泰国预计春节期间近77万中国游客将入境,2025,社会民生,1
刘亦菲说成年三部曲没丢自己的脸,2025,娱乐八卦,2
美国公布新型核弹,2025,时政要闻,2
智界R7累计大定突破70000台,2025,商业财经,0
美甲师5天接约30个裂空爪订单,2025,社会民生,1
重庆通报患儿疑似被注射失效药,2025,医疗健康,2
00后花近2千万在常州开火锅店,2025,商业财经,2
水贝老板炒黄金亏了一个亿,2025,商业财经,0
王橹杰新音舞台状态,2025,娱乐八卦,0
保时捷格局,2025,社会民生,2
教育部增设29种本科新专业,2025,教育问题,2
千元拳击靶用女士内衣做填充物,2025,社会民生,2
BLACKPINK韩服造型,2025,时尚美妆,0
关晓彤新片杀青后无缝进组年代剧,2025,影视综艺,1
金秀贤最喜欢老男孩结局,2025,娱乐八卦,1
王力宏烧钢琴细节,2025,娱乐八卦,2
男子给同事发不雅视频被开除起诉公司,2025,社会民生,0
马龙获奖短片看到热泪盈眶,2025,体育赛事,1
李施嬅想到分开就觉得很痛,2025,娱乐八卦,2
封神再临,2025,游戏电竞,2
载33名中国游客游艇倾覆全部获救,2025,社会民生,2
朱志鑫张桂源双A舞台,2025,娱乐八卦,0
TikTok问题,2025,商业财经,1
云南25岁缉毒警牺牲时仍紧扣扳机,2025,社会民生,0
瑶一瑶小肉包,2025,娱乐八卦,1
Jennie和崔胜澈合照,2025,娱乐八卦,2
刘学义孟子义24秒吻戏纯享版,2025,娱乐八卦,2
中国电信一季度净利润88.64亿元,2025,商业财经,0
美国一机场发生飞机坠毁事故,2025,时政要闻,2
剧版温以凡 窝囊,2025,影视综艺,2
刘晓庆的手机壳,2025,娱乐八卦,2
家长抱婴儿在学校路边值护学岗,2025,教育问题,2
李晟李佳航的求婚日期是201314,2025,娱乐八卦,2
警方通报120打三次不通两度打110,2025,社会民生,0
商务座减二等座,2025,社会民生,2
海军最新招飞大片看燃了,2025,时政要闻,0
气血不足的人节后要多睡觉,2025,医疗健康,0
哪吒2突破119亿,2025,影视综艺,0
中国空间站首个舱内在轨机器人试验,2025,科技数码,1
长胖其实是有滞后性的,2025,社会民生,2
白鹿也在嗑代露娃常华森,2025,娱乐八卦,2
重庆燃气集团拟被罚810万元,2025,商业财经,1
家有儿女到底花了多少经费在餐桌上,2025,影视综艺,2
辛芷蕾梁婷和解,2025,娱乐八卦,0
将门毒后选角101,2025,影视综艺,1
宋雨琦姚明合照,2025,娱乐八卦,2
晚宴的迪丽热巴,2025,时尚美妆,0
原来有酒窝的人脸部肌肉天生独特,2025,社会民生,2
网友巴西遭抢劫电脑为其挡一枪,2025,社会民生,1
北京北站破例为300名学生开东门,2025,社会民生,2
中国零售巨头集体出手,2025,商业财经,2
奚梦瑶重返T台走秀,2025,时尚美妆,2
俞敏洪将回赠雷军15袋大米,2025,商业财经,2
得闲谨制发行通知,2025,其他,1
日本民众回应最后2只大熊猫将回国,2025,时政要闻,0
5岁女儿游乐园遭电击进ICU母亲发声,2025,社会民生,2
诺贝尔奖奖金124年没花完,2025,其他,0
还以为是霍思燕,2025,娱乐八卦,2
林高远1比3张本智和,2025,体育赛事,2
IU车银优同框,2025,娱乐八卦,2
余承恩不把我们当外人,2025,娱乐八卦,2
鞠婧祎不语只是一味圈粉,2025,娱乐八卦,2
圆圆圆圆中秋圆圆圆圆,2025,文化内容,1
真的不要在床头上挂东西了,2025,社会民生,0
于敏逝世六周年,2025,文化内容,1
陈哲远 来一勺再来一勺,2025,娱乐八卦,2
黄晓明 baby我们的感情好像跳楼机,2025,娱乐八卦,0
向佐郭碧婷是刘维撮合的,2025,娱乐八卦,1
女子5年前买哪吒黄金手镯已翻倍,2025,商业财经,2
韩国人贴小广告这么有良心吗,2025,社会民生,0
黄景瑜前妻点名张艺上,2025,娱乐八卦,0
短剧折腰,2025,影视综艺,2
哪吒2冲顶全球动画榜,2025,影视综艺,2
吴谨言特别出演天堂旅行团,2025,影视综艺,0
短剧折腰尺度好大,2025,影视综艺,1
龙丹妮觉得赵露思是天选桑稚,2025,娱乐八卦,0
中方敦促柬方严惩涉中国公民案件凶手,2025,时政要闻,2
逐玉田曦薇亲完张凌赫亲,2025,娱乐八卦,2
上完厕所卧铺被外国人霸占,2025,社会民生,2
谢谢你哈尔滨,2025,社会民生,1
网红老师廖叔突发心源性心脏病去世,2025,社会民生,2
惠英红 人家这么漂亮你说是沙溢,2025,娱乐八卦,2
外媒称TikTok将硬刚美国禁令,2025,商业财经,0
大罗不同意C罗是历史最佳,2025,体育赛事,2
梁靖崑黄友政2比3林昀儒高承睿,2025,体育赛事,2
石凯 全员加速中,2025,影视综艺,0
济南天气,2025,社会民生,1
无忧渡 无磨皮,2025,时尚美妆,0
全红婵并腿的权威性,2025,体育赛事,2
以色列总理计划全面占领加沙,2025,时政要闻,2
权志龙打歌舞台,2025,娱乐八卦,1
胡歌马伊琍周冬雨年少不知家卫好,2025,影视综艺,2
董袭莹带出的五大疑点待协和等解答,2025,医疗健康,1
女子鼻骨骨折一个月后直接美出新高度,2025,时尚美妆,2
曝光12亿贪腐案印度记者惨死化粪池,2025,时政要闻,0
吒儿执着于美颜但审美一言难尽,2025,娱乐八卦,1
哪吒2突破121亿,2025,影视综艺,2
巧克力 孟子义嫡长狗,2025,娱乐八卦,2
惠英红说张凌赫是宝贝十八号,2025,娱乐八卦,2
高热量垃圾食品的解药,2025,医疗健康,1
女子迷上奶皮子糖葫芦吃出糖化脸,2025,医疗健康,2
哪吒2票房120亿了,2025,影视综艺,2
孙楠已经瘦成巴掌脸了,2025,娱乐八卦,2
桑延温以凡亲了,2025,娱乐八卦,2
中国制造商向美国客户明确表示不会降价,2025,商业财经,1
藏海传好大的一个伏笔,2025,影视综艺,2
猫一杯转世账号被关闭,2025,其他,0
于正说白鹿团队全内娱最好,2025,娱乐八卦,2
谢娜生日和赵丽颖出道日是同一天,2025,娱乐八卦,2
高温假,2025,社会民生,2
丈夫用甲醛泡发毛肚妻子售卖双双获刑,2025,社会民生,1
霉霉今年有希望来上海办演唱会,2025,娱乐八卦,0
长治市妇幼保健院回应萝卜岗质疑,2025,医疗健康,2
哪吒2香港首日票房预售484万,2025,影视综艺,2
放假去埃及玩的人嘴真严,2025,社会民生,1
微信回应出朋友圈访客功能,2025,科技数码,0
拜登发表告别演讲,2025,时政要闻,2
黄杨钿甜艺考成绩被网友质疑有水分,2025,娱乐八卦,0
妈妈沟通病情发现孩子正库里库里,2025,医疗健康,2
东风61霸气亮相火箭军直招宣传片,2025,时政要闻,0
向太说这辈子唯一想知道父亲是谁,2025,娱乐八卦,1
协和医院,2025,医疗健康,2
朱孝天称因情绪失控发表失当言论,2025,娱乐八卦,1
看31遍哪吒2女生发声,2025,影视综艺,2
威少爱与雷霆,2025,体育赛事,0
哪吒手办众筹金额暴涨近30000%,2025,影视综艺,2
贾玲新电影饭制海报,2025,影视综艺,0
唐探1900中国影史票房TOP20,2025,影视综艺,1
叶舒华为减肥戒掉面粉,2025,医疗健康,0
石凯回复,2025,其他,0
李玟50岁冥诞现场,2025,娱乐八卦,2
日本砸131亿日元在台搞媚日宣传,2025,时政要闻,2
十个勤天发文祝蒋敦豪生日快乐,2025,娱乐八卦,1
饺子说哪吒3很难突破哪吒2,2025,影视综艺,2
台政客与高市早苗办公桌合影被群嘲,2025,时政要闻,0
曝知名导演疑似与年轻女子同居,2025,娱乐八卦,1
哪吒2差半亿就到150亿了,2025,影视综艺,2
妈妈回应26岁渐冻症女儿去世,2025,医疗健康,2
成毅又多了一部可以N刷的剧,2025,影视综艺,2
严浩翔金发生图,2025,娱乐八卦,0
司机不给消防车让道称以为谁喝多了,2025,社会民生,2
AG黑白水墨风大片,2025,游戏电竞,2
胡杏儿胡一天豪门姐弟,2025,娱乐八卦,2
刘亦菲易烊千玺合作,2025,影视综艺,0
小米直播,2025,科技数码,2
沈腾回归王牌对王牌,2025,影视综艺,2
影院回应支持哪吒2暂不排美队4,2025,影视综艺,0
日媒说击败中国队仅差一步之遥,2025,体育赛事,1
校医是世界上最神奇的职业,2025,教育问题,1
终于有人把英语体系讲清楚了,2025,教育问题,1
森林北首晒儿子,2025,娱乐八卦,2
贾玲终极梦想是拍情景喜剧,2025,影视综艺,2
邹家华逝世,2025,时政要闻,2
胖东来珠宝1年被抽检25次均合规,2025,商业财经,2
K总官宣与女友结婚,2025,娱乐八卦,0
屠呦呦当选美国科学院外籍院士,2025,医疗健康,2
徐冬冬发文表白尹子维,2025,娱乐八卦,1
男生刺死女同学谎称见义勇为受伤,2025,社会民生,2
各航司上新加密航线,2025,商业财经,0
杨紫直播造型,2025,时尚美妆,0
只有唐九洲困在原本的家庭,2025,娱乐八卦,2
程序员被裁后卖卤肉饭10元一盒,2025,社会民生,0
26岁李梦豪壮烈牺牲,2025,时政要闻,2
网易旗下多款游戏回应,2025,游戏电竞,0
Hero久竞正式告别南京,2025,游戏电竞,2
我的学信网以后不会再更新了,2025,教育问题,0
甄嬛传哪天下架了你负责重拍,2025,影视综艺,2
大量黄金正从各国运往美国,2025,商业财经,0
马龙拥抱了马龙,2025,体育赛事,2
雷军回应当首富,2025,商业财经,0
建议大家不要提前买衣服,2025,时尚美妆,2
王一博山顶蹦迪,2025,娱乐八卦,2
女儿给父亲转53万养老被丈夫起诉,2025,社会民生,2
中国已开始部署防御小行星撞击地球,2025,科技数码,0
俄说在库尔斯克州的军事行动进入最后阶段,2025,时政要闻,2
京东外卖回应爆单,2025,商业财经,2
迪丽热巴大波浪发型回归,2025,时尚美妆,1
枭起青壤第六集卡在这对吗,2025,影视综艺,0
前童星住所遭大火烧毁窒息而死,2025,娱乐八卦,0
律师谈王暖暖可能要到70岁才能离婚,2025,社会民生,0
官方通报52岁女子中毒身亡,2025,社会民生,0
詹姆斯5万分伟大继续,2025,体育赛事,1
谢娜带仨女儿逛商场,2025,娱乐八卦,2
不追内娱的年轻人沉迷地下偶像,2025,娱乐八卦,1
A股小作文引发工业富联盘中跌停,2025,商业财经,0
赵磊说和qko在一起十年了,2025,娱乐八卦,2
一个人值不值得深交看看这件事,2025,社会民生,0
孟子义说没时间弄九重紫团综了,2025,娱乐八卦,0
老人将密码告诉侄孙6万多存款剩33,2025,社会民生,0
神外专家修波意外离世,2025,医疗健康,2
35岁后的就业方向,2025,社会民生,1
哈兰德签下曼城队史最大合同,2025,体育赛事,2
李现否认是杨紫送的相机,2025,娱乐八卦,2
张艺兴现场版精忠报国太好听了,2025,娱乐八卦,0
金饰克价已涨到1061元,2025,商业财经,2
鹿哈向女友求婚成功,2025,娱乐八卦,0
原来研究生才是最高学历,2025,教育问题,0
何同学再翻车,2025,科技数码,2
因吵架妻子胎停丈夫崩溃大哭,2025,社会民生,2
拖堂都拖到婚姻的殿堂了,2025,社会民生,2
印度已切断印度河水,2025,时政要闻,2
公园观赏鱼大量死亡一男子被刑拘,2025,社会民生,2
杨紫 养老剧,2025,影视综艺,2
李宁户外这件三合一让我装到了,2025,时尚美妆,1
张若昀 年会不能停2,2025,影视综艺,0
特朗普称将大幅提高对印度关税,2025,商业财经,1
重庆工商大学涉事学生道歉,2025,教育问题,0
阿玛德帽子戏法,2025,体育赛事,1
怀孕遭辞退老师未签合同有五险,2025,教育问题,2
吴磊今年已与两家游戏解约,2025,游戏电竞,0
调查人员现场再次挖出2瓶氢氟酸,2025,社会民生,2
地球臭氧层正在恢复,2025,科技数码,2
李昀锐 舒肤佳变硫磺皂,2025,娱乐八卦,2
哪吒2票房已破140亿,2025,影视综艺,0
吃播网红回应在高铁边吃边吐2小时,2025,娱乐八卦,1
2025年春运首日,2025,社会民生,1
精简版ModelY售价,2025,商业财经,0
嫌银行利息低大爷花百万买6斤黄金,2025,商业财经,1
帝师 aka,2025,游戏电竞,0
新音节目单,2025,娱乐八卦,1
燕云情趣内衣外国人都看不下去了,2025,时尚美妆,2
黄多多星味,2025,娱乐八卦,2
吴艳妮光速夺冠,2025,体育赛事,0
男子炒股11年狂赚6000多万,2025,商业财经,0
何穗产后首复工,2025,娱乐八卦,0
鬼鬼当妈后首营业,2025,娱乐八卦,0
王昶首次回应梁王组合拆对传闻,2025,体育赛事,1
广州最低温破0,2025,社会民生,0
香港人为什么这么喜欢雇菲佣,2025,社会民生,0
路人在日本被火车撞或反遭铁路公司索赔,2025,社会民生,2
留几手离婚搬进50平出租屋,2025,娱乐八卦,2
江西小炒 预制菜克星,2025,社会民生,2
水利局回应村民反映新桥刚竣工就歪,2025,社会民生,2
原来领证和不领证的区别这么大,2025,社会民生,2
胖东来规定不允许不喜欢自己的工作,2025,社会民生,2
顾客获6千退款才知海底捞小便事件,2025,社会民生,0
微信支付一直在花我的钱,2025,商业财经,0
刘亦菲带火满天星,2025,娱乐八卦,0
林更新听到高圆圆叫弟媳的反应,2025,娱乐八卦,0
王俊凯二搭刘德华,2025,娱乐八卦,2
2025政府工作报告全文,2025,时政要闻,1
原来女明星们候场也坐塑料凳子,2025,娱乐八卦,2
哪吒2各省份票房排名出炉,2025,影视综艺,0
坚持晚睡一个小时的身体变化,2025,医疗健康,0
檀健次陈哲远烽火流金泰国播出,2025,影视综艺,2
倪虹洁弥补了浪姐没有刘晓艳的缺憾,2025,娱乐八卦,2
她留在了他最爱的那一年,2025,娱乐八卦,2
歌手总决赛帮唱嘉宾线索,2025,娱乐八卦,0
多个账号攻击爱国题材电影被禁言,2025,娱乐八卦,0
成都160万元凶宅26.6万拍卖,2025,社会民生,0
国色芳华 我以我血铸天梯,2025,文化内容,0
教育局回应学校辞退考公考编教师,2025,教育问题,2
六姊妹二姐夫癌症晚期,2025,医疗健康,2
中国海警管制菲船只现场画面,2025,时政要闻,0
白敬亭潮牌回应质量问题,2025,时尚美妆,0
全红婵打乒乓球绝杀王宗源,2025,体育赛事,0
四级翻译 citywalk,2025,教育问题,2
檀健次吻戏把人看红温了,2025,娱乐八卦,1
苏醒十八年后还是逃不过亚军梗,2025,娱乐八卦,1
情侣接种HPV疫苗是保护彼此,2025,医疗健康,2
一句话形容中国男乒晋级决赛,2025,体育赛事,2
未成年人卷入网络软色情,2025,社会民生,2
周雨彤回应辞职发疯戏,2025,娱乐八卦,2
何炅衰老焦虑的原因找到了,2025,娱乐八卦,2
美国孕妇被生母继父剖腹取胎杀害,2025,社会民生,0
七星连珠,2025,其他,2
医院通报医生上班玩游戏致患者排队,2025,医疗健康,2
新娘回应婚礼不搞仪式直接开席,2025,社会民生,2
韩安冉说外国主播干不过中国主播,2025,娱乐八卦,2
尹锡悦在牢房里能看电视不用穿囚服,2025,时政要闻,2
司机猝死10位卡友自费护送返乡,2025,社会民生,1
楚后更名为翘楚,2025,文化内容,2
65岁退休大爷在短剧演反派日入2000,2025,娱乐八卦,2
韩国一核电站核废液泄漏,2025,医疗健康,0
当事人回应取名朱雀玄武敕令,2025,文化内容,0
十四秒从丁禹兮女友粉变妈粉,2025,娱乐八卦,2
以丰富的政策工具护航经济发展,2025,商业财经,0
李嘉琦六姊妹杀青长文,2025,娱乐八卦,2
网红瑞恩宝贝去世年仅3岁,2025,娱乐八卦,2
呼和浩特生育三孩发10万,2025,社会民生,2
公司派人事假扮猎头诱导老员工辞职,2025,商业财经,2
孙颖莎王楚钦参加多哈世乒赛混双,2025,体育赛事,1
性骚扰不该成为流量密码,2025,社会民生,1
樊振东仍保持两项世界纪录,2025,体育赛事,2
曾黎团队傲慢公关丢了人心,2025,娱乐八卦,0
美国队长4票房破亿,2025,影视综艺,1
张雪峰说跨度如此之大的我也没见过,2025,教育问题,2
下周两股冷空气无缝衔接登场,2025,社会民生,0
大狮兄小狮妹梦幻碰面,2025,娱乐八卦,2
凯乐石牌羽绒服被曝新旧款差900元,2025,商业财经,0
刘宇宁以为吉克隽逸是真公主,2025,娱乐八卦,1
iOS18一直截图会越来越红,2025,科技数码,2
央视秋晚汶川3分钟太催泪,2025,文化内容,0
DeepSeek给出周末不虚度指南,2025,科技数码,1
肖战指导晒北京奥运国乒合照,2025,体育赛事,2
王权富贵再次燃命,2025,娱乐八卦,1
第一批回家过年的人已经出发,2025,社会民生,0
挪威2万人口小岛因中国游客堵车,2025,社会民生,1
国产剧太缺这类题材了,2025,影视综艺,2
王昶黄雅琼vs任翔宇刘圣书,2025,体育赛事,1
高市早苗当面拒绝美国要求,2025,时政要闻,2
何美延婆婆 知否小秦氏,2025,娱乐八卦,2
多名男留学生混住在女生宿舍楼,2025,教育问题,2
白银暴涨有人2月狂赚16万,2025,商业财经,0
韩团cha黄子韬的callme,2025,娱乐八卦,1
升至125%后为何中国不陪了,2025,时政要闻,0
熊黛林婉拒祝福郭富城,2025,娱乐八卦,2
敖瑞鹏男模,2025,娱乐八卦,2
第一个往里扔乐色的简直是天才,2025,其他,1
杨子说家都没了,2025,娱乐八卦,0
董袭莹信息不断被删谁在掩耳盗铃,2025,娱乐八卦,1
张根硕分享抗癌抗躁郁经历,2025,医疗健康,0
全红婵熠熠生辉的17岁,2025,体育赛事,1
老人女厕趴地上偷窥女子录下全过程,2025,社会民生,0
130多家公司托举哪吒2票房冲击记录,2025,影视综艺,2
开年第一部纯血犯罪剧来了,2025,影视综艺,2
王俊凯直播卷发造型,2025,娱乐八卦,2
NASA与中国月壤无缘,2025,科技数码,2
赵露思与友人吃路边摊,2025,娱乐八卦,2
老师一堂课没收几十个裂空爪,2025,教育问题,2
易烊千玺 演唱会,2025,娱乐八卦,2
云初令官宣虞书欣,2025,影视综艺,0
美教授称新冠起源于美国,2025,医疗健康,2
马思纯 旺仔是谁,2025,娱乐八卦,2
25人取消赴泰旅行退订机票遭拒,2025,社会民生,2
刘雨昕带吴建豪逛吃贵阳,2025,娱乐八卦,2
研究发现长期炎症会唤醒癌细胞,2025,医疗健康,2
每天睡够8小时白天为何还犯困,2025,医疗健康,1
再晚一秒摸小猫就要哭了,2025,社会民生,1
KK园区已被严重破坏,2025,社会民生,2
清远长隆度假区大象疑被强迫滑滑梯,2025,社会民生,1
双轨口碑,2025,其他,1
中国机遇是因为中国的确定性,2025,时政要闻,1
微博之夜 凤梨酥,2025,娱乐八卦,2
沈佳润高耳位,2025,娱乐八卦,2
宝宝盛行之前我们都叫其他人什么,2025,其他,1
赵樱子自曝不拍戏的原因,2025,娱乐八卦,1
2025大国重器持续上分,2025,科技数码,1
时代少年团新音舞台,2025,娱乐八卦,2
96年月嫂入行四年订单排到明年十月,2025,社会民生,2
商家曝女子网购内衣半年后买新退旧,2025,社会民生,0
2瓶过期啤酒罚款2万是否小错重罚,2025,社会民生,0
姐姐失踪4年被发现时已成干尸,2025,社会民生,2
嘎子哥拍戏期间穿警服直播带货,2025,娱乐八卦,1
未患癌刘翔峰却医嘱化疗致九级伤残,2025,医疗健康,2
小红书外国老用户坐不住了,2025,其他,2
封存不意味彻底清除特定情况可查询,2025,其他,0
温以凡妈妈人设,2025,娱乐八卦,1
性教育课上男生大方展示卫生巾,2025,教育问题,2
陈雨菲宣布冲击洛杉矶奥运会,2025,体育赛事,1
驻华机构中国雇员不得危害国家安全,2025,时政要闻,2
微信步数 窥探隐私,2025,科技数码,0
赵露思陈哲远偷偷藏不住全站热度第三,2025,娱乐八卦,1
韩国中小学将迎规模最大关停潮,2025,教育问题,1
杨紫又一个大女主戏待播,2025,娱乐八卦,2
肖战为李沁新剧宣传,2025,娱乐八卦,2
国乒双打三项都失去双保险,2025,体育赛事,2
四川开启新一轮强降雨,2025,社会民生,1
36岁女子直播一夜后猝死,2025,社会民生,2
王晶说顶流演员都不会演戏,2025,娱乐八卦,1
真正的哪吒闹海开始了,2025,文化内容,0
泰国孕妇坠崖案当事人王暖暖最新发声,2025,社会民生,1
6种人真的不适合当朋友,2025,其他,1
遭前男友烧残女子和母亲抱头痛哭,2025,社会民生,1
美方通报现场氛围沉重,2025,时政要闻,1
郑州19岁大二女生校内溺亡,2025,社会民生,1
王奕解约,2025,娱乐八卦,0
成年人的新型情绪搭子,2025,其他,2
大学老师说AI作文全判0分,2025,教育问题,2
魏哲鸣郑合惠子新剧官宣,2025,娱乐八卦,2
美国资产崩了,2025,商业财经,2
曝韦雪今年直播收入已超9亿,2025,商业财经,0
曹政奭百想影帝,2025,影视综艺,0
杭州一夫妻争吵后丈夫跳河身亡,2025,社会民生,0
每年因乳腺癌死亡的人数将增加68%,2025,医疗健康,0
张本美和采访松岛辉空突然走掉了,2025,体育赛事,2
家有儿女的雪竟然是毛巾,2025,影视综艺,0
外媒曝美欲将加拿大逐出五眼联盟,2025,时政要闻,0
肖战拿到角色第一反应是不敢相信,2025,娱乐八卦,2
美国开始给自己找台阶了,2025,时政要闻,0
电梯疑因故障冲顶导致59岁业主身亡,2025,社会民生,0
史上最相似夫妻称刚认识时并不像,2025,娱乐八卦,1
张元英新歌MV穿婚纱,2025,娱乐八卦,2
虞书欣黄杨钿甜八年前的合照,2025,娱乐八卦,1
收到差评最多的外卖员,2025,社会民生,2
胃病向胃癌发展的5个信号,2025,医疗健康,2
曾黎,2025,娱乐八卦,1
林永健人日发文批某顶流演员排场大,2025,娱乐八卦,2
耀眼 关晓彤,2025,娱乐八卦,2
金秀贤在剧组挨个道歉,2025,娱乐八卦,1
王菲收工下班路透,2025,娱乐八卦,2
荷兰,2025,其他,2
中国将寻找第二颗地球,2025,科技数码,0
男子离婚诉讼6年3次被判不许离,2025,社会民生,1
白敬亭32岁庆生照,2025,娱乐八卦,2
新闻女王2又来爆金句了,2025,娱乐八卦,2
演员馨子回应不拍戏,2025,娱乐八卦,1
偶遇留几手葛夕带狗做手术,2025,社会民生,0
专家建议节后上班第一天少干活儿,2025,社会民生,2
